E,dos,int,EF
-10,3.64E-29,3.64E-31,2.524
-9.99,3.81E-28,4.17E-30,
-9.98,3.81E-27,4.23E-29,
-9.97,3.66E-26,4.08E-28,
-9.96,3.36E-25,3.77E-27,
-9.95,2.96E-24,3.33E-26,
-9.94,2.49E-23,2.83E-25,
-9.93,2.01E-22,2.30E-24,
-9.92,1.56E-21,1.79E-23,
-9.91,1.15E-20,1.33E-22,
-9.9,8.19E-20,9.52E-22,
-9.89,5.56E-19,6.52E-21,
-9.88,3.62E-18,4.28E-20,
-9.87,2.26E-17,2.69E-19,
-9.86,1.35E-16,1.62E-18,
-9.85,7.73E-16,9.35E-18,
-9.84,4.24E-15,5.18E-17,
-9.83,2.23E-14,2.74E-16,
-9.82,1.12E-13,1.40E-15,
-9.81,5.40E-13,6.80E-15,
-9.8,2.50E-12,3.18E-14,
-9.79,1.10E-11,1.42E-13,
-9.78,4.68E-11,6.10E-13,
-9.77,1.90E-10,2.51E-12,
-9.76,7.39E-10,9.90E-12,
-9.75,2.76E-09,3.75E-11,
-9.74,9.84E-09,1.36E-10,
-9.73,3.37E-08,4.73E-10,
-9.72,1.11E-07,1.58E-09,
-9.71,3.47E-07,5.05E-09,
-9.7,1.05E-06,1.55E-08,
-9.69,3.02E-06,4.57E-08,
-9.68,8.34E-06,1.29E-07,
-9.67,2.21E-05,3.50E-07,
-9.66,5.61E-05,9.12E-07,
-9.65,1.37E-04,2.28E-06,
-9.64,3.19E-04,5.47E-06,
-9.63,7.14E-04,1.26E-05,
-9.62,1.53E-03,2.79E-05,
-9.61,3.15E-03,5.94E-05,
-9.6,6.22E-03,1.22E-04,
-9.59,1.18E-02,2.39E-04,
-9.58,2.13E-02,4.53E-04,
-9.57,3.72E-02,8.24E-04,
-9.56,6.21E-02,1.45E-03,
-9.55,9.97E-02,2.44E-03,
-9.54,1.54E-01,3.98E-03,
-9.53,2.27E-01,6.25E-03,
-9.52,3.23E-01,9.49E-03,
-9.51,4.42E-01,1.39E-02,
-9.5,5.82E-01,1.97E-02,
-9.49,7.37E-01,2.71E-02,
-9.48,9.00E-01,3.61E-02,
-9.47,1.06E+00,4.67E-02,
-9.46,1.21E+00,5.88E-02,
-9.45,1.33E+00,7.21E-02,
-9.44,1.42E+00,8.63E-02,
-9.43,1.47E+00,1.01E-01,
-9.42,1.49E+00,1.16E-01,
-9.41,1.47E+00,1.31E-01,
-9.4,1.43E+00,1.45E-01,
-9.39,1.37E+00,1.59E-01,
-9.38,1.29E+00,1.72E-01,
-9.37,1.22E+00,1.84E-01,
-9.36,1.14E+00,1.95E-01,
-9.35,1.07E+00,2.06E-01,
-9.34,1.01E+00,2.16E-01,
-9.33,9.52E-01,2.25E-01,
-9.32,9.04E-01,2.35E-01,
-9.31,8.64E-01,2.43E-01,
-9.3,8.28E-01,2.51E-01,
-9.29,7.98E-01,2.59E-01,
-9.28,7.72E-01,2.67E-01,
-9.27,7.48E-01,2.75E-01,
-9.26,7.27E-01,2.82E-01,
-9.25,7.08E-01,2.89E-01,
-9.24,6.91E-01,2.96E-01,
-9.23,6.76E-01,3.03E-01,
-9.22,6.61E-01,3.09E-01,
-9.21,6.48E-01,3.16E-01,
-9.2,6.35E-01,3.22E-01,
-9.19,6.24E-01,3.28E-01,
-9.18,6.13E-01,3.34E-01,
-9.17,6.03E-01,3.40E-01,
-9.16,5.93E-01,3.46E-01,
-9.15,5.84E-01,3.52E-01,
-9.14,5.76E-01,3.58E-01,
-9.13,5.68E-01,3.64E-01,
-9.12,5.60E-01,3.69E-01,
-9.11,5.53E-01,3.75E-01,
-9.1,5.46E-01,3.80E-01,
-9.09,5.40E-01,3.86E-01,
-9.08,5.33E-01,3.91E-01,
-9.07,5.27E-01,3.96E-01,
-9.06,5.22E-01,4.01E-01,
-9.05,5.16E-01,4.07E-01,
-9.04,5.11E-01,4.12E-01,
-9.03,5.06E-01,4.17E-01,
-9.02,5.01E-01,4.22E-01,
-9.01,4.97E-01,4.27E-01,
-9,4.92E-01,4.32E-01,
-8.99,4.88E-01,4.37E-01,
-8.98,4.84E-01,4.41E-01,
-8.97,4.80E-01,4.46E-01,
-8.96,4.76E-01,4.51E-01,
-8.95,4.73E-01,4.56E-01,
-8.94,4.69E-01,4.60E-01,
-8.93,4.66E-01,4.65E-01,
-8.92,4.63E-01,4.70E-01,
-8.91,4.60E-01,4.74E-01,
-8.9,4.57E-01,4.79E-01,
-8.89,4.54E-01,4.83E-01,
-8.88,4.51E-01,4.88E-01,
-8.87,4.48E-01,4.92E-01,
-8.86,4.46E-01,4.97E-01,
-8.85,4.43E-01,5.01E-01,
-8.84,4.41E-01,5.06E-01,
-8.83,4.38E-01,5.10E-01,
-8.82,4.36E-01,5.14E-01,
-8.81,4.34E-01,5.19E-01,
-8.8,4.32E-01,5.23E-01,
-8.79,4.30E-01,5.27E-01,
-8.78,4.28E-01,5.32E-01,
-8.77,4.26E-01,5.36E-01,
-8.76,4.24E-01,5.40E-01,
-8.75,4.22E-01,5.44E-01,
-8.74,4.20E-01,5.49E-01,
-8.73,4.19E-01,5.53E-01,
-8.72,4.17E-01,5.57E-01,
-8.71,4.16E-01,5.61E-01,
-8.7,4.14E-01,5.65E-01,
-8.69,4.13E-01,5.69E-01,
-8.68,4.11E-01,5.73E-01,
-8.67,4.10E-01,5.78E-01,
-8.66,4.09E-01,5.82E-01,
-8.65,4.08E-01,5.86E-01,
-8.64,4.06E-01,5.90E-01,
-8.63,4.05E-01,5.94E-01,
-8.62,4.04E-01,5.98E-01,
-8.61,4.03E-01,6.02E-01,
-8.6,4.02E-01,6.06E-01,
-8.59,4.01E-01,6.10E-01,
-8.58,4.01E-01,6.14E-01,
-8.57,4.00E-01,6.18E-01,
-8.56,3.99E-01,6.22E-01,
-8.55,3.98E-01,6.26E-01,
-8.54,3.97E-01,6.30E-01,
-8.53,3.97E-01,6.34E-01,
-8.52,3.96E-01,6.38E-01,
-8.51,3.96E-01,6.42E-01,
-8.5,3.95E-01,6.46E-01,
-8.49,3.95E-01,6.50E-01,
-8.48,3.94E-01,6.54E-01,
-8.47,3.94E-01,6.58E-01,
-8.46,3.94E-01,6.62E-01,
-8.45,3.93E-01,6.65E-01,
-8.44,3.93E-01,6.69E-01,
-8.43,3.93E-01,6.73E-01,
-8.42,3.93E-01,6.77E-01,
-8.41,3.93E-01,6.81E-01,
-8.4,3.93E-01,6.85E-01,
-8.39,3.93E-01,6.89E-01,
-8.38,3.93E-01,6.93E-01,
-8.37,3.93E-01,6.97E-01,
-8.36,3.93E-01,7.01E-01,
-8.35,3.93E-01,7.05E-01,
-8.34,3.93E-01,7.09E-01,
-8.33,3.94E-01,7.13E-01,
-8.32,3.94E-01,7.17E-01,
-8.31,3.94E-01,7.20E-01,
-8.3,3.95E-01,7.24E-01,
-8.29,3.96E-01,7.28E-01,
-8.28,3.96E-01,7.32E-01,
-8.27,3.97E-01,7.36E-01,
-8.26,3.98E-01,7.40E-01,
-8.25,3.99E-01,7.44E-01,
-8.24,4.00E-01,7.48E-01,
-8.23,4.02E-01,7.52E-01,
-8.22,4.05E-01,7.56E-01,
-8.21,4.11E-01,7.60E-01,
-8.2,4.20E-01,7.65E-01,
-8.19,4.34E-01,7.69E-01,
-8.18,4.57E-01,7.74E-01,
-8.17,4.93E-01,7.78E-01,
-8.16,5.47E-01,7.84E-01,
-8.15,6.24E-01,7.90E-01,
-8.14,7.29E-01,7.97E-01,
-8.13,8.67E-01,8.06E-01,
-8.12,1.04E+00,8.17E-01,
-8.11,1.24E+00,8.29E-01,
-8.1,1.47E+00,8.44E-01,
-8.09,1.70E+00,8.61E-01,
-8.08,1.94E+00,8.80E-01,
-8.07,2.16E+00,9.02E-01,
-8.06,2.35E+00,9.25E-01,
-8.05,2.50E+00,9.50E-01,
-8.04,2.60E+00,9.76E-01,
-8.03,2.64E+00,1.00E+00,
-8.02,2.64E+00,1.03E+00,
-8.01,2.60E+00,1.06E+00,
-8,2.53E+00,1.08E+00,
-7.99,2.45E+00,1.11E+00,
-7.98,2.35E+00,1.13E+00,
-7.97,2.26E+00,1.15E+00,
-7.96,2.18E+00,1.17E+00,
-7.95,2.10E+00,1.19E+00,
-7.94,2.04E+00,1.21E+00,
-7.93,1.99E+00,1.23E+00,
-7.92,1.95E+00,1.25E+00,
-7.91,1.92E+00,1.27E+00,
-7.9,1.90E+00,1.29E+00,
-7.89,1.88E+00,1.31E+00,
-7.88,1.87E+00,1.33E+00,
-7.87,1.87E+00,1.35E+00,
-7.86,1.87E+00,1.37E+00,
-7.85,1.88E+00,1.39E+00,
-7.84,1.89E+00,1.40E+00,
-7.83,1.91E+00,1.42E+00,
-7.82,1.94E+00,1.44E+00,
-7.81,1.98E+00,1.46E+00,
-7.8,2.04E+00,1.48E+00,
-7.79,2.11E+00,1.50E+00,
-7.78,2.20E+00,1.53E+00,
-7.77,2.32E+00,1.55E+00,
-7.76,2.47E+00,1.57E+00,
-7.75,2.64E+00,1.60E+00,
-7.74,2.84E+00,1.63E+00,
-7.73,3.05E+00,1.66E+00,
-7.72,3.26E+00,1.69E+00,
-7.71,3.46E+00,1.73E+00,
-7.7,3.64E+00,1.76E+00,
-7.69,3.78E+00,1.80E+00,
-7.68,3.87E+00,1.84E+00,
-7.67,3.91E+00,1.88E+00,
-7.66,3.90E+00,1.92E+00,
-7.65,3.84E+00,1.96E+00,
-7.64,3.75E+00,1.99E+00,
-7.63,3.63E+00,2.03E+00,
-7.62,3.50E+00,2.07E+00,
-7.61,3.37E+00,2.10E+00,
-7.6,3.24E+00,2.13E+00,
-7.59,3.13E+00,2.16E+00,
-7.58,3.03E+00,2.19E+00,
-7.57,2.96E+00,2.22E+00,
-7.56,2.89E+00,2.25E+00,
-7.55,2.84E+00,2.28E+00,
-7.54,2.80E+00,2.31E+00,
-7.53,2.77E+00,2.34E+00,
-7.52,2.75E+00,2.36E+00,
-7.51,2.74E+00,2.39E+00,
-7.5,2.73E+00,2.42E+00,
-7.49,2.72E+00,2.44E+00,
-7.48,2.72E+00,2.47E+00,
-7.47,2.72E+00,2.50E+00,
-7.46,2.73E+00,2.53E+00,
-7.45,2.74E+00,2.55E+00,
-7.44,2.75E+00,2.58E+00,
-7.43,2.77E+00,2.61E+00,
-7.42,2.80E+00,2.64E+00,
-7.41,2.83E+00,2.67E+00,
-7.4,2.87E+00,2.69E+00,
-7.39,2.91E+00,2.72E+00,
-7.38,2.97E+00,2.75E+00,
-7.37,3.03E+00,2.78E+00,
-7.36,3.11E+00,2.81E+00,
-7.35,3.20E+00,2.85E+00,
-7.34,3.31E+00,2.88E+00,
-7.33,3.43E+00,2.91E+00,
-7.32,3.56E+00,2.95E+00,
-7.31,3.71E+00,2.99E+00,
-7.3,3.87E+00,3.02E+00,
-7.29,4.05E+00,3.07E+00,
-7.28,4.23E+00,3.11E+00,
-7.27,4.41E+00,3.15E+00,
-7.26,4.60E+00,3.20E+00,
-7.25,4.80E+00,3.25E+00,
-7.24,5.00E+00,3.30E+00,
-7.23,5.21E+00,3.35E+00,
-7.22,5.41E+00,3.40E+00,
-7.21,5.58E+00,3.46E+00,
-7.2,5.72E+00,3.52E+00,
-7.19,5.79E+00,3.57E+00,
-7.18,5.76E+00,3.63E+00,
-7.17,5.62E+00,3.69E+00,
-7.16,5.35E+00,3.74E+00,
-7.15,4.96E+00,3.79E+00,
-7.14,4.46E+00,3.83E+00,
-7.13,3.88E+00,3.87E+00,
-7.12,3.26E+00,3.91E+00,
-7.11,2.64E+00,3.93E+00,
-7.1,2.06E+00,3.95E+00,
-7.09,1.55E+00,3.97E+00,
-7.08,1.12E+00,3.98E+00,
-7.07,7.80E-01,3.99E+00,
-7.06,5.21E-01,3.99E+00,
-7.05,3.34E-01,4.00E+00,
-7.04,2.06E-01,4.00E+00,
-7.03,1.21E-01,4.00E+00,
-7.02,6.88E-02,4.00E+00,
-7.01,3.74E-02,4.00E+00,
-7,1.95E-02,4.00E+00,
-6.99,9.75E-03,4.00E+00,
-6.98,4.67E-03,4.00E+00,
-6.97,2.15E-03,4.00E+00,
-6.96,9.46E-04,4.00E+00,
-6.95,3.99E-04,4.00E+00,
-6.94,1.62E-04,4.00E+00,
-6.93,6.27E-05,4.00E+00,
-6.92,2.33E-05,4.00E+00,
-6.91,8.30E-06,4.00E+00,
-6.9,2.83E-06,4.00E+00,
-6.89,9.27E-07,4.00E+00,
-6.88,2.91E-07,4.00E+00,
-6.87,8.73E-08,4.00E+00,
-6.86,2.51E-08,4.00E+00,
-6.85,6.92E-09,4.00E+00,
-6.84,1.83E-09,4.00E+00,
-6.83,4.63E-10,4.00E+00,
-6.82,1.12E-10,4.00E+00,
-6.81,2.61E-11,4.00E+00,
-6.8,5.80E-12,4.00E+00,
-6.79,1.24E-12,4.00E+00,
-6.78,2.52E-13,4.00E+00,
-6.77,4.94E-14,4.00E+00,
-6.76,9.25E-15,4.00E+00,
-6.75,1.66E-15,4.00E+00,
-6.74,2.86E-16,4.00E+00,
-6.73,4.71E-17,4.00E+00,
-6.72,7.43E-18,4.00E+00,
-6.71,1.12E-18,4.00E+00,
-6.7,1.63E-19,4.00E+00,
-6.69,2.25E-20,4.00E+00,
-6.68,3.00E-21,4.00E+00,
-6.67,3.81E-22,4.00E+00,
-6.66,4.65E-23,4.00E+00,
-6.65,5.42E-24,4.00E+00,
-6.64,6.07E-25,4.00E+00,
-6.63,6.50E-26,4.00E+00,
-6.62,6.67E-27,4.00E+00,
-6.61,6.55E-28,4.00E+00,
-6.6,6.17E-29,4.00E+00,
-6.59,5.56E-30,4.00E+00,
-6.58,4.80E-31,4.00E+00,
-6.57,3.97E-32,4.00E+00,
-6.56,3.15E-33,4.00E+00,
-6.55,2.39E-34,4.00E+00,
-6.54,1.74E-35,4.00E+00,
-6.53,1.21E-36,4.00E+00,
-6.52,8.06E-38,4.00E+00,
-6.51,5.15E-39,4.00E+00,
-6.5,3.15E-40,4.00E+00,
-6.49,1.85E-41,4.00E+00,
-6.48,1.04E-42,4.00E+00,
-6.47,5.57E-44,4.00E+00,
-6.46,2.87E-45,4.00E+00,
-6.45,1.41E-46,4.00E+00,
-6.44,6.67E-48,4.00E+00,
-6.43,3.02E-49,4.00E+00,
-6.42,1.31E-50,4.00E+00,
-6.41,5.42E-52,4.00E+00,
-6.4,2.16E-53,4.00E+00,
-6.39,8.20E-55,4.00E+00,
-6.38,2.99E-56,4.00E+00,
-6.37,1.04E-57,4.00E+00,
-6.36,3.49E-59,4.00E+00,
-6.35,1.12E-60,4.00E+00,
-6.34,3.43E-62,4.00E+00,
-6.33,1.01E-63,4.00E+00,
-6.32,2.84E-65,4.00E+00,
-6.31,7.64E-67,4.00E+00,
-6.3,1.97E-68,4.00E+00,
-6.29,4.88E-70,4.00E+00,
-6.28,1.16E-71,4.00E+00,
-6.27,2.62E-73,4.00E+00,
-6.26,5.69E-75,4.00E+00,
-6.25,1.18E-76,4.00E+00,
-6.24,2.36E-78,4.00E+00,
-6.23,4.50E-80,4.00E+00,
-6.22,8.23E-82,4.00E+00,
-6.21,1.54E-83,4.00E+00,
-6.2,1.25E-84,4.00E+00,
-6.19,1.01E-84,4.00E+00,
-6.18,1.01E-84,4.00E+00,
-6.17,1.01E-84,4.00E+00,
-6.16,1.01E-84,4.00E+00,
-6.15,1.01E-84,4.00E+00,
-6.14,1.01E-84,4.00E+00,
-6.13,1.01E-84,4.00E+00,
-6.12,1.01E-84,4.00E+00,
-6.11,1.01E-84,4.00E+00,
-6.1,1.01E-84,4.00E+00,
-6.09,1.01E-84,4.00E+00,
-6.08,1.01E-84,4.00E+00,
-6.07,1.01E-84,4.00E+00,
-6.06,1.01E-84,4.00E+00,
-6.05,1.01E-84,4.00E+00,
-6.04,1.01E-84,4.00E+00,
-6.03,1.01E-84,4.00E+00,
-6.02,1.01E-84,4.00E+00,
-6.01,1.01E-84,4.00E+00,
-6,1.01E-84,4.00E+00,
-5.99,1.01E-84,4.00E+00,
-5.98,1.01E-84,4.00E+00,
-5.97,1.01E-84,4.00E+00,
-5.96,1.01E-84,4.00E+00,
-5.95,1.01E-84,4.00E+00,
-5.94,1.01E-84,4.00E+00,
-5.93,1.01E-84,4.00E+00,
-5.92,1.01E-84,4.00E+00,
-5.91,1.01E-84,4.00E+00,
-5.9,1.01E-84,4.00E+00,
-5.89,1.01E-84,4.00E+00,
-5.88,1.01E-84,4.00E+00,
-5.87,1.01E-84,4.00E+00,
-5.86,1.01E-84,4.00E+00,
-5.85,1.01E-84,4.00E+00,
-5.84,1.01E-84,4.00E+00,
-5.83,1.01E-84,4.00E+00,
-5.82,1.01E-84,4.00E+00,
-5.81,1.01E-84,4.00E+00,
-5.8,1.01E-84,4.00E+00,
-5.79,1.01E-84,4.00E+00,
-5.78,1.01E-84,4.00E+00,
-5.77,1.01E-84,4.00E+00,
-5.76,1.01E-84,4.00E+00,
-5.75,1.01E-84,4.00E+00,
-5.74,1.01E-84,4.00E+00,
-5.73,1.01E-84,4.00E+00,
-5.72,1.01E-84,4.00E+00,
-5.71,1.01E-84,4.00E+00,
-5.7,1.01E-84,4.00E+00,
-5.69,1.01E-84,4.00E+00,
-5.68,1.01E-84,4.00E+00,
-5.67,1.01E-84,4.00E+00,
-5.66,1.01E-84,4.00E+00,
-5.65,1.01E-84,4.00E+00,
-5.64,1.01E-84,4.00E+00,
-5.63,1.01E-84,4.00E+00,
-5.62,1.01E-84,4.00E+00,
-5.61,1.01E-84,4.00E+00,
-5.6,1.01E-84,4.00E+00,
-5.59,1.01E-84,4.00E+00,
-5.58,1.01E-84,4.00E+00,
-5.57,1.01E-84,4.00E+00,
-5.56,1.01E-84,4.00E+00,
-5.55,1.01E-84,4.00E+00,
-5.54,1.01E-84,4.00E+00,
-5.53,1.01E-84,4.00E+00,
-5.52,1.01E-84,4.00E+00,
-5.51,1.01E-84,4.00E+00,
-5.5,1.01E-84,4.00E+00,
-5.49,1.01E-84,4.00E+00,
-5.48,1.01E-84,4.00E+00,
-5.47,1.01E-84,4.00E+00,
-5.46,1.01E-84,4.00E+00,
-5.45,1.01E-84,4.00E+00,
-5.44,1.01E-84,4.00E+00,
-5.43,1.01E-84,4.00E+00,
-5.42,1.01E-84,4.00E+00,
-5.41,1.01E-84,4.00E+00,
-5.4,1.01E-84,4.00E+00,
-5.39,1.01E-84,4.00E+00,
-5.38,1.01E-84,4.00E+00,
-5.37,1.01E-84,4.00E+00,
-5.36,1.01E-84,4.00E+00,
-5.35,1.01E-84,4.00E+00,
-5.34,1.01E-84,4.00E+00,
-5.33,1.01E-84,4.00E+00,
-5.32,1.01E-84,4.00E+00,
-5.31,1.01E-84,4.00E+00,
-5.3,1.01E-84,4.00E+00,
-5.29,1.01E-84,4.00E+00,
-5.28,1.01E-84,4.00E+00,
-5.27,1.01E-84,4.00E+00,
-5.26,1.01E-84,4.00E+00,
-5.25,1.01E-84,4.00E+00,
-5.24,1.01E-84,4.00E+00,
-5.23,1.01E-84,4.00E+00,
-5.22,1.01E-84,4.00E+00,
-5.21,1.01E-84,4.00E+00,
-5.2,1.01E-84,4.00E+00,
-5.19,1.01E-84,4.00E+00,
-5.18,1.01E-84,4.00E+00,
-5.17,1.01E-84,4.00E+00,
-5.16,1.01E-84,4.00E+00,
-5.15,1.01E-84,4.00E+00,
-5.14,1.01E-84,4.00E+00,
-5.13,1.01E-84,4.00E+00,
-5.12,1.01E-84,4.00E+00,
-5.11,1.01E-84,4.00E+00,
-5.1,1.01E-84,4.00E+00,
-5.09,1.01E-84,4.00E+00,
-5.08,1.01E-84,4.00E+00,
-5.07,1.01E-84,4.00E+00,
-5.06,1.01E-84,4.00E+00,
-5.05,1.01E-84,4.00E+00,
-5.04,1.01E-84,4.00E+00,
-5.03,1.01E-84,4.00E+00,
-5.02,1.01E-84,4.00E+00,
-5.01,1.01E-84,4.00E+00,
-5,1.01E-84,4.00E+00,
-4.99,1.01E-84,4.00E+00,
-4.98,1.01E-84,4.00E+00,
-4.97,1.01E-84,4.00E+00,
-4.96,1.01E-84,4.00E+00,
-4.95,1.01E-84,4.00E+00,
-4.94,1.01E-84,4.00E+00,
-4.93,1.01E-84,4.00E+00,
-4.92,1.01E-84,4.00E+00,
-4.91,1.01E-84,4.00E+00,
-4.9,1.01E-84,4.00E+00,
-4.89,1.01E-84,4.00E+00,
-4.88,1.01E-84,4.00E+00,
-4.87,1.01E-84,4.00E+00,
-4.86,1.01E-84,4.00E+00,
-4.85,1.01E-84,4.00E+00,
-4.84,1.01E-84,4.00E+00,
-4.83,1.01E-84,4.00E+00,
-4.82,1.01E-84,4.00E+00,
-4.81,1.01E-84,4.00E+00,
-4.8,1.01E-84,4.00E+00,
-4.79,1.01E-84,4.00E+00,
-4.78,1.01E-84,4.00E+00,
-4.77,1.01E-84,4.00E+00,
-4.76,1.01E-84,4.00E+00,
-4.75,1.01E-84,4.00E+00,
-4.74,1.01E-84,4.00E+00,
-4.73,1.01E-84,4.00E+00,
-4.72,1.01E-84,4.00E+00,
-4.71,1.01E-84,4.00E+00,
-4.7,1.01E-84,4.00E+00,
-4.69,1.01E-84,4.00E+00,
-4.68,1.01E-84,4.00E+00,
-4.67,1.01E-84,4.00E+00,
-4.66,1.01E-84,4.00E+00,
-4.65,1.01E-84,4.00E+00,
-4.64,1.01E-84,4.00E+00,
-4.63,1.01E-84,4.00E+00,
-4.62,1.01E-84,4.00E+00,
-4.61,1.01E-84,4.00E+00,
-4.6,1.01E-84,4.00E+00,
-4.59,1.01E-84,4.00E+00,
-4.58,1.01E-84,4.00E+00,
-4.57,1.01E-84,4.00E+00,
-4.56,1.01E-84,4.00E+00,
-4.55,1.01E-84,4.00E+00,
-4.54,1.01E-84,4.00E+00,
-4.53,1.01E-84,4.00E+00,
-4.52,1.01E-84,4.00E+00,
-4.51,1.01E-84,4.00E+00,
-4.5,1.01E-84,4.00E+00,
-4.49,1.01E-84,4.00E+00,
-4.48,1.01E-84,4.00E+00,
-4.47,1.01E-84,4.00E+00,
-4.46,1.01E-84,4.00E+00,
-4.45,1.01E-84,4.00E+00,
-4.44,1.01E-84,4.00E+00,
-4.43,1.01E-84,4.00E+00,
-4.42,1.01E-84,4.00E+00,
-4.41,1.01E-84,4.00E+00,
-4.4,1.01E-84,4.00E+00,
-4.39,1.01E-84,4.00E+00,
-4.38,1.01E-84,4.00E+00,
-4.37,1.01E-84,4.00E+00,
-4.36,1.01E-84,4.00E+00,
-4.35,1.01E-84,4.00E+00,
-4.34,1.01E-84,4.00E+00,
-4.33,1.01E-84,4.00E+00,
-4.32,1.01E-84,4.00E+00,
-4.31,1.01E-84,4.00E+00,
-4.3,1.01E-84,4.00E+00,
-4.29,1.01E-84,4.00E+00,
-4.28,1.01E-84,4.00E+00,
-4.27,1.01E-84,4.00E+00,
-4.26,1.01E-84,4.00E+00,
-4.25,1.01E-84,4.00E+00,
-4.24,1.01E-84,4.00E+00,
-4.23,1.01E-84,4.00E+00,
-4.22,1.01E-84,4.00E+00,
-4.21,1.01E-84,4.00E+00,
-4.2,1.01E-84,4.00E+00,
-4.19,1.01E-84,4.00E+00,
-4.18,1.01E-84,4.00E+00,
-4.17,1.01E-84,4.00E+00,
-4.16,1.01E-84,4.00E+00,
-4.15,1.01E-84,4.00E+00,
-4.14,1.01E-84,4.00E+00,
-4.13,1.01E-84,4.00E+00,
-4.12,1.23E-84,4.00E+00,
-4.11,1.41E-83,4.00E+00,
-4.1,7.38E-82,4.00E+00,
-4.09,3.98E-80,4.00E+00,
-4.08,2.05E-78,4.00E+00,
-4.07,1.02E-76,4.00E+00,
-4.06,4.81E-75,4.00E+00,
-4.05,2.18E-73,4.00E+00,
-4.04,9.47E-72,4.00E+00,
-4.03,3.94E-70,4.00E+00,
-4.02,1.57E-68,4.00E+00,
-4.01,5.99E-67,4.00E+00,
-4,2.19E-65,4.00E+00,
-3.99,7.66E-64,4.00E+00,
-3.98,2.57E-62,4.00E+00,
-3.97,8.25E-61,4.00E+00,
-3.96,2.54E-59,4.00E+00,
-3.95,7.47E-58,4.00E+00,
-3.94,2.11E-56,4.00E+00,
-3.93,5.70E-55,4.00E+00,
-3.92,1.48E-53,4.00E+00,
-3.91,3.66E-52,4.00E+00,
-3.9,8.68E-51,4.00E+00,
-3.89,1.97E-49,4.00E+00,
-3.88,4.30E-48,4.00E+00,
-3.87,8.96E-47,4.00E+00,
-3.86,1.79E-45,4.00E+00,
-3.85,3.43E-44,4.00E+00,
-3.84,6.28E-43,4.00E+00,
-3.83,1.10E-41,4.00E+00,
-3.82,1.85E-40,4.00E+00,
-3.81,2.98E-39,4.00E+00,
-3.8,4.60E-38,4.00E+00,
-3.79,6.80E-37,4.00E+00,
-3.78,9.62E-36,4.00E+00,
-3.77,1.30E-34,4.00E+00,
-3.76,1.69E-33,4.00E+00,
-3.75,2.10E-32,4.00E+00,
-3.74,2.50E-31,4.00E+00,
-3.73,2.86E-30,4.00E+00,
-3.72,3.12E-29,4.00E+00,
-3.71,3.26E-28,4.00E+00,
-3.7,3.27E-27,4.00E+00,
-3.69,3.14E-26,4.00E+00,
-3.68,2.89E-25,4.00E+00,
-3.67,2.54E-24,4.00E+00,
-3.66,2.15E-23,4.00E+00,
-3.65,1.73E-22,4.00E+00,
-3.64,1.34E-21,4.00E+00,
-3.63,9.95E-21,4.00E+00,
-3.62,7.07E-20,4.00E+00,
-3.61,4.81E-19,4.00E+00,
-3.6,3.13E-18,4.00E+00,
-3.59,1.96E-17,4.00E+00,
-3.58,1.17E-16,4.00E+00,
-3.57,6.70E-16,4.00E+00,
-3.56,3.68E-15,4.00E+00,
-3.55,1.93E-14,4.00E+00,
-3.54,9.73E-14,4.00E+00,
-3.53,4.69E-13,4.00E+00,
-3.52,2.17E-12,4.00E+00,
-3.51,9.60E-12,4.00E+00,
-3.5,4.07E-11,4.00E+00,
-3.49,1.66E-10,4.00E+00,
-3.48,6.44E-10,4.00E+00,
-3.47,2.40E-09,4.00E+00,
-3.46,8.59E-09,4.00E+00,
-3.45,2.94E-08,4.00E+00,
-3.44,9.65E-08,4.00E+00,
-3.43,3.03E-07,4.00E+00,
-3.42,9.14E-07,4.00E+00,
-3.41,2.64E-06,4.00E+00,
-3.4,7.30E-06,4.00E+00,
-3.39,1.94E-05,4.00E+00,
-3.38,4.92E-05,4.00E+00,
-3.37,1.20E-04,4.00E+00,
-3.36,2.80E-04,4.00E+00,
-3.35,6.27E-04,4.00E+00,
-3.34,1.35E-03,4.00E+00,
-3.33,2.77E-03,4.00E+00,
-3.32,5.46E-03,4.00E+00,
-3.31,1.03E-02,4.00E+00,
-3.3,1.88E-02,4.00E+00,
-3.29,3.27E-02,4.00E+00,
-3.28,5.47E-02,4.00E+00,
-3.27,8.77E-02,4.00E+00,
-3.26,1.35E-01,4.00E+00,
-3.25,2.00E-01,4.01E+00,
-3.24,2.85E-01,4.01E+00,
-3.23,3.89E-01,4.01E+00,
-3.22,5.12E-01,4.02E+00,
-3.21,6.49E-01,4.02E+00,
-3.2,7.92E-01,4.03E+00,
-3.19,9.33E-01,4.04E+00,
-3.18,1.06E+00,4.05E+00,
-3.17,1.17E+00,4.06E+00,
-3.16,1.25E+00,4.08E+00,
-3.15,1.29E+00,4.09E+00,
-3.14,1.31E+00,4.10E+00,
-3.13,1.29E+00,4.12E+00,
-3.12,1.26E+00,4.13E+00,
-3.11,1.20E+00,4.14E+00,
-3.1,1.15E+00,4.15E+00,
-3.09,1.09E+00,4.16E+00,
-3.08,1.04E+00,4.17E+00,
-3.07,1.01E+00,4.18E+00,
-3.06,9.94E-01,4.19E+00,
-3.05,1.01E+00,4.20E+00,
-3.04,1.05E+00,4.21E+00,
-3.03,1.13E+00,4.22E+00,
-3.02,1.24E+00,4.24E+00,
-3.01,1.38E+00,4.25E+00,
-3,1.54E+00,4.27E+00,
-2.99,1.71E+00,4.28E+00,
-2.98,1.89E+00,4.30E+00,
-2.97,2.05E+00,4.32E+00,
-2.96,2.19E+00,4.34E+00,
-2.95,2.29E+00,4.37E+00,
-2.94,2.35E+00,4.39E+00,
-2.93,2.37E+00,4.41E+00,
-2.92,2.35E+00,4.44E+00,
-2.91,2.30E+00,4.46E+00,
-2.9,2.23E+00,4.48E+00,
-2.89,2.14E+00,4.50E+00,
-2.88,2.05E+00,4.53E+00,
-2.87,1.96E+00,4.54E+00,
-2.86,1.87E+00,4.56E+00,
-2.85,1.79E+00,4.58E+00,
-2.84,1.72E+00,4.60E+00,
-2.83,1.66E+00,4.61E+00,
-2.82,1.60E+00,4.63E+00,
-2.81,1.56E+00,4.65E+00,
-2.8,1.51E+00,4.66E+00,
-2.79,1.48E+00,4.68E+00,
-2.78,1.44E+00,4.69E+00,
-2.77,1.41E+00,4.71E+00,
-2.76,1.39E+00,4.72E+00,
-2.75,1.36E+00,4.73E+00,
-2.74,1.34E+00,4.75E+00,
-2.73,1.32E+00,4.76E+00,
-2.72,1.30E+00,4.77E+00,
-2.71,1.28E+00,4.79E+00,
-2.7,1.27E+00,4.80E+00,
-2.69,1.25E+00,4.81E+00,
-2.68,1.24E+00,4.82E+00,
-2.67,1.22E+00,4.83E+00,
-2.66,1.21E+00,4.85E+00,
-2.65,1.20E+00,4.86E+00,
-2.64,1.19E+00,4.87E+00,
-2.63,1.18E+00,4.88E+00,
-2.62,1.17E+00,4.89E+00,
-2.61,1.16E+00,4.91E+00,
-2.6,1.15E+00,4.92E+00,
-2.59,1.15E+00,4.93E+00,
-2.58,1.14E+00,4.94E+00,
-2.57,1.13E+00,4.95E+00,
-2.56,1.13E+00,4.96E+00,
-2.55,1.12E+00,4.97E+00,
-2.54,1.12E+00,4.99E+00,
-2.53,1.11E+00,5.00E+00,
-2.52,1.11E+00,5.01E+00,
-2.51,1.10E+00,5.02E+00,
-2.5,1.10E+00,5.03E+00,
-2.49,1.10E+00,5.04E+00,
-2.48,1.09E+00,5.05E+00,
-2.47,1.09E+00,5.06E+00,
-2.46,1.09E+00,5.07E+00,
-2.45,1.09E+00,5.08E+00,
-2.44,1.09E+00,5.09E+00,
-2.43,1.09E+00,5.11E+00,
-2.42,1.09E+00,5.12E+00,
-2.41,1.09E+00,5.13E+00,
-2.4,1.09E+00,5.14E+00,
-2.39,1.09E+00,5.15E+00,
-2.38,1.10E+00,5.16E+00,
-2.37,1.10E+00,5.17E+00,
-2.36,1.11E+00,5.18E+00,
-2.35,1.12E+00,5.19E+00,
-2.34,1.13E+00,5.20E+00,
-2.33,1.14E+00,5.22E+00,
-2.32,1.17E+00,5.23E+00,
-2.31,1.20E+00,5.24E+00,
-2.3,1.24E+00,5.25E+00,
-2.29,1.30E+00,5.27E+00,
-2.28,1.38E+00,5.28E+00,
-2.27,1.48E+00,5.29E+00,
-2.26,1.61E+00,5.31E+00,
-2.25,1.75E+00,5.33E+00,
-2.24,1.91E+00,5.35E+00,
-2.23,2.09E+00,5.37E+00,
-2.22,2.27E+00,5.39E+00,
-2.21,2.45E+00,5.41E+00,
-2.2,2.62E+00,5.44E+00,
-2.19,2.77E+00,5.47E+00,
-2.18,2.90E+00,5.50E+00,
-2.17,3.00E+00,5.53E+00,
-2.16,3.07E+00,5.56E+00,
-2.15,3.11E+00,5.59E+00,
-2.14,3.11E+00,5.62E+00,
-2.13,3.07E+00,5.65E+00,
-2.12,2.98E+00,5.68E+00,
-2.11,2.84E+00,5.71E+00,
-2.1,2.67E+00,5.74E+00,
-2.09,2.45E+00,5.76E+00,
-2.08,2.21E+00,5.78E+00,
-2.07,1.96E+00,5.80E+00,
-2.06,1.71E+00,5.82E+00,
-2.05,1.47E+00,5.83E+00,
-2.04,1.25E+00,5.85E+00,
-2.03,1.07E+00,5.86E+00,
-2.02,9.18E-01,5.87E+00,
-2.01,8.05E-01,5.87E+00,
-2,7.23E-01,5.88E+00,
-1.99,6.69E-01,5.89E+00,
-1.98,6.38E-01,5.89E+00,
-1.97,6.23E-01,5.90E+00,
-1.96,6.23E-01,5.91E+00,
-1.95,6.31E-01,5.91E+00,
-1.94,6.46E-01,5.92E+00,
-1.93,6.64E-01,5.93E+00,
-1.92,6.81E-01,5.93E+00,
-1.91,6.95E-01,5.94E+00,
-1.9,7.02E-01,5.95E+00,
-1.89,6.99E-01,5.95E+00,
-1.88,6.82E-01,5.96E+00,
-1.87,6.52E-01,5.97E+00,
-1.86,6.07E-01,5.97E+00,
-1.85,5.49E-01,5.98E+00,
-1.84,4.82E-01,5.98E+00,
-1.83,4.10E-01,5.99E+00,
-1.82,3.37E-01,5.99E+00,
-1.81,2.67E-01,5.99E+00,
-1.8,2.04E-01,6.00E+00,
-1.79,1.50E-01,6.00E+00,
-1.78,1.06E-01,6.00E+00,
-1.77,7.25E-02,6.00E+00,
-1.76,4.76E-02,6.00E+00,
-1.75,3.02E-02,6.00E+00,
-1.74,1.87E-02,6.00E+00,
-1.73,1.20E-02,6.00E+00,
-1.72,9.16E-03,6.00E+00,
-1.71,1.00E-02,6.00E+00,
-1.7,1.55E-02,6.00E+00,
-1.69,2.74E-02,6.00E+00,
-1.68,4.94E-02,6.00E+00,
-1.67,8.69E-02,6.00E+00,
-1.66,1.47E-01,6.00E+00,
-1.65,2.40E-01,6.01E+00,
-1.64,3.75E-01,6.01E+00,
-1.63,5.65E-01,6.02E+00,
-1.62,8.17E-01,6.02E+00,
-1.61,1.14E+00,6.04E+00,
-1.6,1.53E+00,6.05E+00,
-1.59,1.97E+00,6.07E+00,
-1.58,2.47E+00,6.09E+00,
-1.57,2.98E+00,6.12E+00,
-1.56,3.49E+00,6.16E+00,
-1.55,3.96E+00,6.20E+00,
-1.54,4.39E+00,6.24E+00,
-1.53,4.74E+00,6.29E+00,
-1.52,5.01E+00,6.34E+00,
-1.51,5.20E+00,6.39E+00,
-1.5,5.31E+00,6.45E+00,
-1.49,5.36E+00,6.50E+00,
-1.48,5.36E+00,6.55E+00,
-1.47,5.31E+00,6.61E+00,
-1.46,5.23E+00,6.66E+00,
-1.45,5.12E+00,6.71E+00,
-1.44,4.98E+00,6.76E+00,
-1.43,4.82E+00,6.81E+00,
-1.42,4.65E+00,6.85E+00,
-1.41,4.46E+00,6.90E+00,
-1.4,4.26E+00,6.94E+00,
-1.39,4.07E+00,6.98E+00,
-1.38,3.88E+00,7.02E+00,
-1.37,3.70E+00,7.06E+00,
-1.36,3.55E+00,7.09E+00,
-1.35,3.43E+00,7.13E+00,
-1.34,3.35E+00,7.16E+00,
-1.33,3.30E+00,7.19E+00,
-1.32,3.28E+00,7.23E+00,
-1.31,3.31E+00,7.26E+00,
-1.3,3.37E+00,7.29E+00,
-1.29,3.46E+00,7.33E+00,
-1.28,3.58E+00,7.36E+00,
-1.27,3.72E+00,7.40E+00,
-1.26,3.85E+00,7.44E+00,
-1.25,3.98E+00,7.48E+00,
-1.24,4.07E+00,7.52E+00,
-1.23,4.13E+00,7.56E+00,
-1.22,4.15E+00,7.60E+00,
-1.21,4.11E+00,7.64E+00,
-1.2,4.03E+00,7.68E+00,
-1.19,3.91E+00,7.72E+00,
-1.18,3.77E+00,7.76E+00,
-1.17,3.61E+00,7.80E+00,
-1.16,3.45E+00,7.83E+00,
-1.15,3.29E+00,7.86E+00,
-1.14,3.14E+00,7.90E+00,
-1.13,3.00E+00,7.93E+00,
-1.12,2.89E+00,7.95E+00,
-1.11,2.78E+00,7.98E+00,
-1.1,2.70E+00,8.01E+00,
-1.09,2.64E+00,8.04E+00,
-1.08,2.60E+00,8.06E+00,
-1.07,2.59E+00,8.09E+00,
-1.06,2.61E+00,8.11E+00,
-1.05,2.66E+00,8.14E+00,
-1.04,2.74E+00,8.17E+00,
-1.03,2.85E+00,8.20E+00,
-1.02,2.99E+00,8.23E+00,
-1.01,3.14E+00,8.26E+00,
-1,3.29E+00,8.29E+00,
-0.99,3.44E+00,8.32E+00,
-0.98,3.57E+00,8.36E+00,
-0.97,3.68E+00,8.40E+00,
-0.96,3.75E+00,8.43E+00,
-0.95,3.79E+00,8.47E+00,
-0.94,3.80E+00,8.51E+00,
-0.93,3.78E+00,8.55E+00,
-0.92,3.74E+00,8.59E+00,
-0.91,3.69E+00,8.62E+00,
-0.9,3.64E+00,8.66E+00,
-0.89,3.58E+00,8.69E+00,
-0.88,3.53E+00,8.73E+00,
-0.87,3.48E+00,8.76E+00,
-0.86,3.45E+00,8.80E+00,
-0.85,3.42E+00,8.83E+00,
-0.84,3.39E+00,8.87E+00,
-0.83,3.38E+00,8.90E+00,
-0.82,3.37E+00,8.93E+00,
-0.81,3.37E+00,8.97E+00,
-0.8,3.37E+00,9.00E+00,
-0.79,3.38E+00,9.04E+00,
-0.78,3.40E+00,9.07E+00,
-0.77,3.43E+00,9.10E+00,
-0.76,3.45E+00,9.14E+00,
-0.75,3.49E+00,9.17E+00,
-0.74,3.52E+00,9.21E+00,
-0.73,3.55E+00,9.24E+00,
-0.72,3.58E+00,9.28E+00,
-0.71,3.60E+00,9.32E+00,
-0.7,3.61E+00,9.35E+00,
-0.69,3.60E+00,9.39E+00,
-0.68,3.58E+00,9.42E+00,
-0.67,3.55E+00,9.46E+00,
-0.66,3.51E+00,9.49E+00,
-0.65,3.49E+00,9.53E+00,
-0.64,3.49E+00,9.56E+00,
-0.63,3.52E+00,9.60E+00,
-0.62,3.59E+00,9.64E+00,
-0.61,3.72E+00,9.67E+00,
-0.6,3.91E+00,9.71E+00,
-0.59,4.15E+00,9.75E+00,
-0.58,4.45E+00,9.80E+00,
-0.57,4.79E+00,9.85E+00,
-0.56,5.15E+00,9.90E+00,
-0.55,5.53E+00,9.95E+00,
-0.54,5.89E+00,1.00E+01,
-0.53,6.24E+00,1.01E+01,
-0.52,6.56E+00,1.01E+01,
-0.51,6.87E+00,1.02E+01,
-0.5,7.18E+00,1.03E+01,
-0.49,7.51E+00,1.04E+01,
-0.48,7.87E+00,1.04E+01,
-0.47,8.28E+00,1.05E+01,
-0.46,8.74E+00,1.06E+01,
-0.45,9.25E+00,1.07E+01,
-0.44,9.79E+00,1.08E+01,
-0.43,1.03E+01,1.09E+01,
-0.42,1.09E+01,1.10E+01,
-0.41,1.13E+01,1.11E+01,
-0.4,1.18E+01,1.12E+01,
-0.39,1.21E+01,1.14E+01,
-0.38,1.25E+01,1.15E+01,
-0.37,1.28E+01,1.16E+01,
-0.36,1.31E+01,1.17E+01,
-0.35,1.33E+01,1.19E+01,
-0.34,1.36E+01,1.20E+01,
-0.33,1.39E+01,1.22E+01,
-0.32,1.41E+01,1.23E+01,
-0.31,1.43E+01,1.24E+01,
-0.3,1.44E+01,1.26E+01,
-0.29,1.44E+01,1.27E+01,
-0.28,1.42E+01,1.29E+01,
-0.27,1.38E+01,1.30E+01,
-0.26,1.33E+01,1.31E+01,
-0.25,1.26E+01,1.33E+01,
-0.24,1.17E+01,1.34E+01,
-0.23,1.09E+01,1.35E+01,
-0.22,9.96E+00,1.36E+01,
-0.21,9.10E+00,1.37E+01,
-0.2,8.31E+00,1.38E+01,
-0.19,7.61E+00,1.38E+01,
-0.18,7.01E+00,1.39E+01,
-0.17,6.49E+00,1.40E+01,
-0.16,6.04E+00,1.40E+01,
-0.15,5.62E+00,1.41E+01,
-0.14,5.22E+00,1.41E+01,
-0.13,4.80E+00,1.42E+01,
-0.12,4.37E+00,1.42E+01,
-0.11,3.92E+00,1.43E+01,
-0.1,3.47E+00,1.43E+01,
-0.09,3.02E+00,1.43E+01,
-0.08,2.59E+00,1.44E+01,
-0.07,2.21E+00,1.44E+01,
-0.06,1.88E+00,1.44E+01,
-0.05,1.61E+00,1.44E+01,
-0.04,1.40E+00,1.44E+01,
-0.03,1.24E+00,1.44E+01,
-0.02,1.12E+00,1.45E+01,
-0.01,1.04E+00,1.45E+01,
0,9.82E-01,1.45E+01,
0.01,9.47E-01,1.45E+01,
0.02,9.24E-01,1.45E+01,
0.03,9.10E-01,1.45E+01,
0.04,9.01E-01,1.45E+01,
0.05,8.95E-01,1.45E+01,
0.06,8.91E-01,1.45E+01,
0.07,8.89E-01,1.45E+01,
0.08,8.88E-01,1.46E+01,
0.09,8.88E-01,1.46E+01,
0.1,8.88E-01,1.46E+01,
0.11,8.88E-01,1.46E+01,
0.12,8.89E-01,1.46E+01,
0.13,8.90E-01,1.46E+01,
0.14,8.92E-01,1.46E+01,
0.15,8.94E-01,1.46E+01,
0.16,8.96E-01,1.46E+01,
0.17,8.99E-01,1.46E+01,
0.18,9.02E-01,1.46E+01,
0.19,9.05E-01,1.47E+01,
0.2,9.09E-01,1.47E+01,
0.21,9.12E-01,1.47E+01,
0.22,9.16E-01,1.47E+01,
0.23,9.21E-01,1.47E+01,
0.24,9.26E-01,1.47E+01,
0.25,9.31E-01,1.47E+01,
0.26,9.37E-01,1.47E+01,
0.27,9.42E-01,1.47E+01,
0.28,9.49E-01,1.47E+01,
0.29,9.55E-01,1.47E+01,
0.3,9.62E-01,1.48E+01,
0.31,9.70E-01,1.48E+01,
0.32,9.79E-01,1.48E+01,
0.33,9.88E-01,1.48E+01,
0.34,9.99E-01,1.48E+01,
0.35,1.01E+00,1.48E+01,
0.36,1.02E+00,1.48E+01,
0.37,1.04E+00,1.48E+01,
0.38,1.06E+00,1.48E+01,
0.39,1.09E+00,1.48E+01,
0.4,1.13E+00,1.49E+01,
0.41,1.18E+00,1.49E+01,
0.42,1.25E+00,1.49E+01,
0.43,1.36E+00,1.49E+01,
0.44,1.50E+00,1.49E+01,
0.45,1.68E+00,1.49E+01,
0.46,1.92E+00,1.49E+01,
0.47,2.21E+00,1.50E+01,
0.48,2.57E+00,1.50E+01,
0.49,2.97E+00,1.50E+01,
0.5,3.42E+00,1.51E+01,
0.51,3.91E+00,1.51E+01,
0.52,4.41E+00,1.51E+01,
0.53,4.92E+00,1.52E+01,
0.54,5.40E+00,1.52E+01,
0.55,5.84E+00,1.53E+01,
0.56,6.22E+00,1.54E+01,
0.57,6.51E+00,1.54E+01,
0.58,6.68E+00,1.55E+01,
0.59,6.71E+00,1.56E+01,
0.6,6.59E+00,1.56E+01,
0.61,6.30E+00,1.57E+01,
0.62,5.86E+00,1.58E+01,
0.63,5.28E+00,1.58E+01,
0.64,4.61E+00,1.59E+01,
0.65,3.90E+00,1.59E+01,
0.66,3.18E+00,1.59E+01,
0.67,2.50E+00,1.59E+01,
0.68,1.89E+00,1.60E+01,
0.69,1.38E+00,1.60E+01,
0.7,9.70E-01,1.60E+01,
0.71,6.59E-01,1.60E+01,
0.72,4.35E-01,1.60E+01,
0.73,2.86E-01,1.60E+01,
0.74,1.97E-01,1.60E+01,
0.75,1.56E-01,1.60E+01,
0.76,1.52E-01,1.60E+01,
0.77,1.79E-01,1.60E+01,
0.78,2.33E-01,1.60E+01,
0.79,3.10E-01,1.60E+01,
0.8,4.06E-01,1.60E+01,
0.81,5.18E-01,1.60E+01,
0.82,6.39E-01,1.60E+01,
0.83,7.62E-01,1.60E+01,
0.84,8.78E-01,1.60E+01,
0.85,9.81E-01,1.61E+01,
0.86,1.06E+00,1.61E+01,
0.87,1.12E+00,1.61E+01,
0.88,1.16E+00,1.61E+01,
0.89,1.16E+00,1.61E+01,
0.9,1.15E+00,1.61E+01,
0.91,1.12E+00,1.61E+01,
0.92,1.08E+00,1.61E+01,
0.93,1.04E+00,1.61E+01,
0.94,9.94E-01,1.62E+01,
0.95,9.50E-01,1.62E+01,
0.96,9.10E-01,1.62E+01,
0.97,8.74E-01,1.62E+01,
0.98,8.44E-01,1.62E+01,
0.99,8.17E-01,1.62E+01,
1,7.95E-01,1.62E+01,
1.01,7.75E-01,1.62E+01,
1.02,7.58E-01,1.62E+01,
1.03,7.44E-01,1.62E+01,
1.04,7.31E-01,1.62E+01,
1.05,7.19E-01,1.62E+01,
1.06,7.09E-01,1.63E+01,
1.07,6.99E-01,1.63E+01,
1.08,6.91E-01,1.63E+01,
1.09,6.83E-01,1.63E+01,
1.1,6.75E-01,1.63E+01,
1.11,6.69E-01,1.63E+01,
1.12,6.62E-01,1.63E+01,
1.13,6.56E-01,1.63E+01,
1.14,6.50E-01,1.63E+01,
1.15,6.45E-01,1.63E+01,
1.16,6.40E-01,1.63E+01,
1.17,6.35E-01,1.63E+01,
1.18,6.31E-01,1.63E+01,
1.19,6.27E-01,1.63E+01,
1.2,6.23E-01,1.63E+01,
1.21,6.19E-01,1.63E+01,
1.22,6.15E-01,1.64E+01,
1.23,6.12E-01,1.64E+01,
1.24,6.09E-01,1.64E+01,
1.25,6.06E-01,1.64E+01,
1.26,6.04E-01,1.64E+01,
1.27,6.01E-01,1.64E+01,
1.28,5.99E-01,1.64E+01,
1.29,5.97E-01,1.64E+01,
1.3,5.94E-01,1.64E+01,
1.31,5.93E-01,1.64E+01,
1.32,5.91E-01,1.64E+01,
1.33,5.89E-01,1.64E+01,
1.34,5.88E-01,1.64E+01,
1.35,5.86E-01,1.64E+01,
1.36,5.84E-01,1.64E+01,
1.37,5.83E-01,1.64E+01,
1.38,5.81E-01,1.65E+01,
1.39,5.80E-01,1.65E+01,
1.4,5.78E-01,1.65E+01,
1.41,5.76E-01,1.65E+01,
1.42,5.75E-01,1.65E+01,
1.43,5.73E-01,1.65E+01,
1.44,5.72E-01,1.65E+01,
1.45,5.71E-01,1.65E+01,
1.46,5.70E-01,1.65E+01,
1.47,5.69E-01,1.65E+01,
1.48,5.68E-01,1.65E+01,
1.49,5.67E-01,1.65E+01,
1.5,5.66E-01,1.65E+01,
1.51,5.66E-01,1.65E+01,
1.52,5.65E-01,1.65E+01,
1.53,5.64E-01,1.65E+01,
1.54,5.64E-01,1.65E+01,
1.55,5.63E-01,1.65E+01,
1.56,5.63E-01,1.66E+01,
1.57,5.62E-01,1.66E+01,
1.58,5.62E-01,1.66E+01,
1.59,5.62E-01,1.66E+01,
1.6,5.62E-01,1.66E+01,
1.61,5.62E-01,1.66E+01,
1.62,5.62E-01,1.66E+01,
1.63,5.63E-01,1.66E+01,
1.64,5.64E-01,1.66E+01,
1.65,5.65E-01,1.66E+01,
1.66,5.66E-01,1.66E+01,
1.67,5.68E-01,1.66E+01,
1.68,5.70E-01,1.66E+01,
1.69,5.72E-01,1.66E+01,
1.7,5.73E-01,1.66E+01,
1.71,5.76E-01,1.66E+01,
1.72,5.78E-01,1.66E+01,
1.73,5.81E-01,1.66E+01,
1.74,5.86E-01,1.67E+01,
1.75,5.92E-01,1.67E+01,
1.76,6.02E-01,1.67E+01,
1.77,6.18E-01,1.67E+01,
1.78,6.42E-01,1.67E+01,
1.79,6.79E-01,1.67E+01,
1.8,7.34E-01,1.67E+01,
1.81,8.12E-01,1.67E+01,
1.82,9.19E-01,1.67E+01,
1.83,1.06E+00,1.67E+01,
1.84,1.24E+00,1.67E+01,
1.85,1.46E+00,1.67E+01,
1.86,1.72E+00,1.68E+01,
1.87,2.02E+00,1.68E+01,
1.88,2.34E+00,1.68E+01,
1.89,2.68E+00,1.68E+01,
1.9,3.02E+00,1.69E+01,
1.91,3.35E+00,1.69E+01,
1.92,3.65E+00,1.69E+01,
1.93,3.92E+00,1.70E+01,
1.94,4.15E+00,1.70E+01,
1.95,4.32E+00,1.71E+01,
1.96,4.45E+00,1.71E+01,
1.97,4.52E+00,1.72E+01,
1.98,4.54E+00,1.72E+01,
1.99,4.52E+00,1.72E+01,
2,4.47E+00,1.73E+01,
2.01,4.41E+00,1.73E+01,
2.02,4.35E+00,1.74E+01,
2.03,4.30E+00,1.74E+01,
2.04,4.27E+00,1.75E+01,
2.05,4.26E+00,1.75E+01,
2.06,4.27E+00,1.75E+01,
2.07,4.30E+00,1.76E+01,
2.08,4.33E+00,1.76E+01,
2.09,4.35E+00,1.77E+01,
2.1,4.38E+00,1.77E+01,
2.11,4.40E+00,1.78E+01,
2.12,4.42E+00,1.78E+01,
2.13,4.45E+00,1.79E+01,
2.14,4.49E+00,1.79E+01,
2.15,4.56E+00,1.79E+01,
2.16,4.65E+00,1.80E+01,
2.17,4.74E+00,1.80E+01,
2.18,4.85E+00,1.81E+01,
2.19,4.94E+00,1.81E+01,
2.2,5.02E+00,1.82E+01,
2.21,5.07E+00,1.82E+01,
2.22,5.09E+00,1.83E+01,
2.23,5.08E+00,1.83E+01,
2.24,5.07E+00,1.84E+01,
2.25,5.04E+00,1.84E+01,
2.26,5.03E+00,1.85E+01,
2.27,5.04E+00,1.85E+01,
2.28,5.07E+00,1.86E+01,
2.29,5.14E+00,1.86E+01,
2.3,5.23E+00,1.87E+01,
2.31,5.32E+00,1.87E+01,
2.32,5.41E+00,1.88E+01,
2.33,5.46E+00,1.89E+01,
2.34,5.46E+00,1.89E+01,
2.35,5.40E+00,1.90E+01,
2.36,5.27E+00,1.90E+01,
2.37,5.09E+00,1.91E+01,
2.38,4.86E+00,1.91E+01,
2.39,4.63E+00,1.92E+01,
2.4,4.41E+00,1.92E+01,
2.41,4.24E+00,1.92E+01,
2.42,4.12E+00,1.93E+01,
2.43,4.06E+00,1.93E+01,
2.44,4.06E+00,1.94E+01,
2.45,4.10E+00,1.94E+01,
2.46,4.16E+00,1.95E+01,
2.47,4.21E+00,1.95E+01,
2.48,4.23E+00,1.95E+01,
2.49,4.20E+00,1.96E+01,
2.5,4.13E+00,1.96E+01,
2.51,4.00E+00,1.97E+01,
2.52,3.84E+00,1.97E+01,
2.53,3.66E+00,1.97E+01,
2.54,3.47E+00,1.98E+01,
2.55,3.29E+00,1.98E+01,
2.56,3.13E+00,1.98E+01,
2.57,2.99E+00,1.99E+01,
2.58,2.88E+00,1.99E+01,
2.59,2.80E+00,1.99E+01,
2.6,2.75E+00,1.99E+01,
2.61,2.73E+00,2.00E+01,
2.62,2.73E+00,2.00E+01,
2.63,2.77E+00,2.00E+01,
2.64,2.84E+00,2.01E+01,
2.65,2.94E+00,2.01E+01,
2.66,3.09E+00,2.01E+01,
2.67,3.30E+00,2.02E+01,
2.68,3.57E+00,2.02E+01,
2.69,3.91E+00,2.02E+01,
2.7,4.34E+00,2.03E+01,
2.71,4.84E+00,2.03E+01,
2.72,5.41E+00,2.04E+01,
2.73,6.04E+00,2.04E+01,
2.74,6.68E+00,2.05E+01,
2.75,7.30E+00,2.06E+01,
2.76,7.83E+00,2.07E+01,
2.77,8.23E+00,2.07E+01,
2.78,8.45E+00,2.08E+01,
2.79,8.46E+00,2.09E+01,
2.8,8.25E+00,2.10E+01,
2.81,7.85E+00,2.11E+01,
2.82,7.29E+00,2.11E+01,
2.83,6.63E+00,2.12E+01,
2.84,5.94E+00,2.13E+01,
2.85,5.27E+00,2.13E+01,
2.86,4.68E+00,2.14E+01,
2.87,4.18E+00,2.14E+01,
2.88,3.81E+00,2.14E+01,
2.89,3.56E+00,2.15E+01,
2.9,3.43E+00,2.15E+01,
2.91,3.40E+00,2.15E+01,
2.92,3.45E+00,2.16E+01,
2.93,3.57E+00,2.16E+01,
2.94,3.75E+00,2.17E+01,
2.95,3.97E+00,2.17E+01,
2.96,4.23E+00,2.17E+01,
2.97,4.53E+00,2.18E+01,
2.98,4.86E+00,2.18E+01,
2.99,5.24E+00,2.19E+01,
3,5.66E+00,2.19E+01,
3.01,6.12E+00,2.20E+01,
3.02,6.61E+00,2.21E+01,
3.03,7.11E+00,2.21E+01,
3.04,7.58E+00,2.22E+01,
3.05,7.99E+00,2.23E+01,
3.06,8.31E+00,2.24E+01,
3.07,8.49E+00,2.25E+01,
3.08,8.52E+00,2.25E+01,
3.09,8.38E+00,2.26E+01,
3.1,8.07E+00,2.27E+01,
3.11,7.62E+00,2.28E+01,
3.12,7.06E+00,2.29E+01,
3.13,6.43E+00,2.29E+01,
3.14,5.77E+00,2.30E+01,
3.15,5.13E+00,2.30E+01,
3.16,4.52E+00,2.31E+01,
3.17,3.98E+00,2.31E+01,
3.18,3.51E+00,2.31E+01,
3.19,3.13E+00,2.32E+01,
3.2,2.82E+00,2.32E+01,
3.21,2.58E+00,2.32E+01,
3.22,2.40E+00,2.33E+01,
3.23,2.26E+00,2.33E+01,
3.24,2.15E+00,2.33E+01,
3.25,2.07E+00,2.33E+01,
3.26,2.00E+00,2.33E+01,
3.27,1.95E+00,2.34E+01,
3.28,1.91E+00,2.34E+01,
3.29,1.87E+00,2.34E+01,
3.3,1.84E+00,2.34E+01,
3.31,1.82E+00,2.34E+01,
3.32,1.79E+00,2.35E+01,
3.33,1.78E+00,2.35E+01,
3.34,1.76E+00,2.35E+01,
3.35,1.75E+00,2.35E+01,
3.36,1.74E+00,2.35E+01,
3.37,1.73E+00,2.35E+01,
3.38,1.72E+00,2.36E+01,
3.39,1.72E+00,2.36E+01,
3.4,1.71E+00,2.36E+01,
3.41,1.71E+00,2.36E+01,
3.42,1.70E+00,2.36E+01,
3.43,1.70E+00,2.36E+01,
3.44,1.69E+00,2.37E+01,
3.45,1.69E+00,2.37E+01,
3.46,1.68E+00,2.37E+01,
3.47,1.67E+00,2.37E+01,
3.48,1.66E+00,2.37E+01,
3.49,1.65E+00,2.37E+01,
3.5,1.64E+00,2.38E+01,
3.51,1.64E+00,2.38E+01,
3.52,1.65E+00,2.38E+01,
3.53,1.67E+00,2.38E+01,
3.54,1.71E+00,2.38E+01,
3.55,1.77E+00,2.38E+01,
3.56,1.86E+00,2.39E+01,
3.57,1.97E+00,2.39E+01,
3.58,2.09E+00,2.39E+01,
3.59,2.23E+00,2.39E+01,
3.6,2.38E+00,2.40E+01,
3.61,2.52E+00,2.40E+01,
3.62,2.64E+00,2.40E+01,
3.63,2.74E+00,2.40E+01,
3.64,2.81E+00,2.41E+01,
3.65,2.85E+00,2.41E+01,
3.66,2.85E+00,2.41E+01,
3.67,2.83E+00,2.41E+01,
3.68,2.78E+00,2.42E+01,
3.69,2.73E+00,2.42E+01,
3.7,2.67E+00,2.42E+01,
3.71,2.62E+00,2.43E+01,
3.72,2.57E+00,2.43E+01,
3.73,2.55E+00,2.43E+01,
3.74,2.54E+00,2.43E+01,
3.75,2.56E+00,2.44E+01,
3.76,2.59E+00,2.44E+01,
3.77,2.65E+00,2.44E+01,
3.78,2.73E+00,2.44E+01,
3.79,2.82E+00,2.45E+01,
3.8,2.92E+00,2.45E+01,
3.81,3.02E+00,2.45E+01,
3.82,3.13E+00,2.46E+01,
3.83,3.24E+00,2.46E+01,
3.84,3.36E+00,2.46E+01,
3.85,3.49E+00,2.47E+01,
3.86,3.63E+00,2.47E+01,
3.87,3.81E+00,2.47E+01,
3.88,4.03E+00,2.48E+01,
3.89,4.28E+00,2.48E+01,
3.9,4.58E+00,2.49E+01,
3.91,4.90E+00,2.49E+01,
3.92,5.25E+00,2.50E+01,
3.93,5.60E+00,2.50E+01,
3.94,5.93E+00,2.51E+01,
3.95,6.23E+00,2.51E+01,
3.96,6.49E+00,2.52E+01,
3.97,6.69E+00,2.53E+01,
3.98,6.83E+00,2.53E+01,
3.99,6.91E+00,2.54E+01,
4,6.95E+00,2.55E+01,
4.01,6.95E+00,2.55E+01,
4.02,6.92E+00,2.56E+01,
4.03,6.87E+00,2.57E+01,
4.04,6.80E+00,2.57E+01,
4.05,6.71E+00,2.58E+01,
4.06,6.61E+00,2.59E+01,
4.07,6.49E+00,2.59E+01,
4.08,6.34E+00,2.60E+01,
4.09,6.18E+00,2.61E+01,
4.1,6.00E+00,2.61E+01,
4.11,5.82E+00,2.62E+01,
4.12,5.64E+00,2.62E+01,
4.13,5.49E+00,2.63E+01,
4.14,5.37E+00,2.64E+01,
4.15,5.30E+00,2.64E+01,
4.16,5.29E+00,2.65E+01,
4.17,5.34E+00,2.65E+01,
4.18,5.44E+00,2.66E+01,
4.19,5.59E+00,2.66E+01,
4.2,5.79E+00,2.67E+01,
4.21,6.02E+00,2.67E+01,
4.22,6.28E+00,2.68E+01,
4.23,6.56E+00,2.69E+01,
4.24,6.86E+00,2.69E+01,
4.25,7.18E+00,2.70E+01,
4.26,7.51E+00,2.71E+01,
4.27,7.84E+00,2.72E+01,
4.28,8.15E+00,2.72E+01,
4.29,8.44E+00,2.73E+01,
4.3,8.69E+00,2.74E+01,
4.31,8.89E+00,2.75E+01,
4.32,9.03E+00,2.76E+01,
4.33,9.09E+00,2.77E+01,
4.34,9.09E+00,2.78E+01,
4.35,9.01E+00,2.79E+01,
4.36,8.85E+00,2.80E+01,
4.37,8.64E+00,2.80E+01,
4.38,8.36E+00,2.81E+01,
4.39,8.04E+00,2.82E+01,
4.4,7.69E+00,2.83E+01,
4.41,7.32E+00,2.84E+01,
4.42,6.95E+00,2.84E+01,
4.43,6.59E+00,2.85E+01,
4.44,6.27E+00,2.86E+01,
4.45,5.98E+00,2.86E+01,
4.46,5.73E+00,2.87E+01,
4.47,5.52E+00,2.87E+01,
4.48,5.35E+00,2.88E+01,
4.49,5.22E+00,2.88E+01,
4.5,5.12E+00,2.89E+01,
4.51,5.05E+00,2.89E+01,
4.52,5.01E+00,2.90E+01,
4.53,4.99E+00,2.90E+01,
4.54,5.00E+00,2.91E+01,
4.55,5.02E+00,2.91E+01,
4.56,5.07E+00,2.92E+01,
4.57,5.13E+00,2.92E+01,
4.58,5.19E+00,2.93E+01,
4.59,5.26E+00,2.93E+01,
4.6,5.30E+00,2.94E+01,
4.61,5.32E+00,2.94E+01,
4.62,5.29E+00,2.95E+01,
4.63,5.21E+00,2.96E+01,
4.64,5.06E+00,2.96E+01,
4.65,4.85E+00,2.97E+01,
4.66,4.59E+00,2.97E+01,
4.67,4.29E+00,2.97E+01,
4.68,3.97E+00,2.98E+01,
4.69,3.64E+00,2.98E+01,
4.7,3.34E+00,2.99E+01,
4.71,3.06E+00,2.99E+01,
4.72,2.82E+00,2.99E+01,
4.73,2.63E+00,2.99E+01,
4.74,2.48E+00,3.00E+01,
4.75,2.37E+00,3.00E+01,
4.76,2.29E+00,3.00E+01,
4.77,2.24E+00,3.00E+01,
4.78,2.21E+00,3.01E+01,
4.79,2.18E+00,3.01E+01,
4.8,2.17E+00,3.01E+01,
4.81,2.16E+00,3.01E+01,
4.82,2.16E+00,3.01E+01,
4.83,2.15E+00,3.02E+01,
4.84,2.16E+00,3.02E+01,
4.85,2.16E+00,3.02E+01,
4.86,2.16E+00,3.02E+01,
4.87,2.17E+00,3.02E+01,
4.88,2.18E+00,3.03E+01,
4.89,2.19E+00,3.03E+01,
4.9,2.20E+00,3.03E+01,
4.91,2.22E+00,3.03E+01,
4.92,2.24E+00,3.04E+01,
4.93,2.27E+00,3.04E+01,
4.94,2.30E+00,3.04E+01,
4.95,2.34E+00,3.04E+01,
4.96,2.37E+00,3.05E+01,
4.97,2.41E+00,3.05E+01,
4.98,2.44E+00,3.05E+01,
4.99,2.47E+00,3.05E+01,
5,2.48E+00,3.05E+01,
5.01,2.48E+00,3.06E+01,
5.02,2.46E+00,3.06E+01,
5.03,2.44E+00,3.06E+01,
5.04,2.41E+00,3.06E+01,
5.05,2.38E+00,3.07E+01,
5.06,2.37E+00,3.07E+01,
5.07,2.38E+00,3.07E+01,
5.08,2.43E+00,3.07E+01,
5.09,2.53E+00,3.08E+01,
5.1,2.71E+00,3.08E+01,
5.11,2.96E+00,3.08E+01,
5.12,3.31E+00,3.09E+01,
5.13,3.76E+00,3.09E+01,
5.14,4.33E+00,3.09E+01,
5.15,5.01E+00,3.10E+01,
5.16,5.80E+00,3.10E+01,
5.17,6.68E+00,3.11E+01,
5.18,7.63E+00,3.12E+01,
5.19,8.61E+00,3.13E+01,
5.2,9.56E+00,3.14E+01,
5.21,1.04E+01,3.15E+01,
5.22,1.12E+01,3.16E+01,
5.23,1.18E+01,3.17E+01,
5.24,1.22E+01,3.18E+01,
5.25,1.24E+01,3.20E+01,
5.26,1.25E+01,3.21E+01,
5.27,1.24E+01,3.22E+01,
5.28,1.21E+01,3.23E+01,
5.29,1.18E+01,3.24E+01,
5.3,1.15E+01,3.26E+01,
5.31,1.11E+01,3.27E+01,
5.32,1.08E+01,3.28E+01,
5.33,1.05E+01,3.29E+01,
5.34,1.02E+01,3.30E+01,
5.35,9.95E+00,3.31E+01,
5.36,9.70E+00,3.32E+01,
5.37,9.46E+00,3.33E+01,
5.38,9.22E+00,3.34E+01,
5.39,8.97E+00,3.35E+01,
5.4,8.70E+00,3.35E+01,
5.41,8.41E+00,3.36E+01,
5.42,8.12E+00,3.37E+01,
5.43,7.82E+00,3.38E+01,
5.44,7.54E+00,3.39E+01,
5.45,7.30E+00,3.39E+01,
5.46,7.13E+00,3.40E+01,
5.47,7.05E+00,3.41E+01,
5.48,7.10E+00,3.41E+01,
5.49,7.29E+00,3.42E+01,
5.5,7.64E+00,3.43E+01,
5.51,8.16E+00,3.44E+01,
5.52,8.80E+00,3.45E+01,
5.53,9.54E+00,3.46E+01,
5.54,1.03E+01,3.47E+01,
5.55,1.11E+01,3.48E+01,
5.56,1.17E+01,3.49E+01,
5.57,1.21E+01,3.50E+01,
5.58,1.23E+01,3.51E+01,
5.59,1.22E+01,3.53E+01,
5.6,1.18E+01,3.54E+01,
5.61,1.12E+01,3.55E+01,
5.62,1.03E+01,3.56E+01,
5.63,9.36E+00,3.57E+01,
5.64,8.31E+00,3.58E+01,
5.65,7.26E+00,3.58E+01,
5.66,6.28E+00,3.59E+01,
5.67,5.40E+00,3.60E+01,
5.68,4.67E+00,3.60E+01,
5.69,4.12E+00,3.60E+01,
5.7,3.74E+00,3.61E+01,
5.71,3.54E+00,3.61E+01,
5.72,3.49E+00,3.61E+01,
5.73,3.60E+00,3.62E+01,
5.74,3.82E+00,3.62E+01,
5.75,4.15E+00,3.63E+01,
5.76,4.54E+00,3.63E+01,
5.77,4.98E+00,3.64E+01,
5.78,5.43E+00,3.64E+01,
5.79,5.86E+00,3.65E+01,
5.8,6.25E+00,3.65E+01,
5.81,6.55E+00,3.66E+01,
5.82,6.76E+00,3.67E+01,
5.83,6.86E+00,3.67E+01,
5.84,6.84E+00,3.68E+01,
5.85,6.71E+00,3.69E+01,
5.86,6.50E+00,3.69E+01,
5.87,6.22E+00,3.70E+01,
5.88,5.92E+00,3.71E+01,
5.89,5.61E+00,3.71E+01,
5.9,5.32E+00,3.72E+01,
5.91,5.07E+00,3.72E+01,
5.92,4.85E+00,3.73E+01,
5.93,4.67E+00,3.73E+01,
5.94,4.52E+00,3.74E+01,
5.95,4.38E+00,3.74E+01,
5.96,4.24E+00,3.74E+01,
5.97,4.09E+00,3.75E+01,
5.98,3.92E+00,3.75E+01,
5.99,3.73E+00,3.76E+01,
6,3.52E+00,3.76E+01,
6.01,3.31E+00,3.76E+01,
6.02,3.10E+00,3.77E+01,
6.03,2.92E+00,3.77E+01,
6.04,2.76E+00,3.77E+01,
6.05,2.65E+00,3.77E+01,
6.06,2.57E+00,3.78E+01,
6.07,2.53E+00,3.78E+01,
6.08,2.53E+00,3.78E+01,
6.09,2.54E+00,3.78E+01,
6.1,2.57E+00,3.79E+01,
6.11,2.60E+00,3.79E+01,
6.12,2.63E+00,3.79E+01,
6.13,2.65E+00,3.80E+01,
6.14,2.67E+00,3.80E+01,
6.15,2.68E+00,3.80E+01,
6.16,2.70E+00,3.80E+01,
6.17,2.72E+00,3.81E+01,
6.18,2.74E+00,3.81E+01,
6.19,2.78E+00,3.81E+01,
6.2,2.82E+00,3.81E+01,
6.21,2.87E+00,3.82E+01,
6.22,2.92E+00,3.82E+01,
6.23,2.97E+00,3.82E+01,
6.24,3.02E+00,3.83E+01,
6.25,3.05E+00,3.83E+01,
6.26,3.09E+00,3.83E+01,
6.27,3.12E+00,3.84E+01,
6.28,3.17E+00,3.84E+01,
6.29,3.23E+00,3.84E+01,
6.3,3.33E+00,3.85E+01,
6.31,3.48E+00,3.85E+01,
6.32,3.67E+00,3.85E+01,
6.33,3.92E+00,3.86E+01,
6.34,4.21E+00,3.86E+01,
6.35,4.53E+00,3.86E+01,
6.36,4.88E+00,3.87E+01,
6.37,5.21E+00,3.87E+01,
6.38,5.52E+00,3.88E+01,
6.39,5.77E+00,3.89E+01,
6.4,5.93E+00,3.89E+01,
6.41,5.99E+00,3.90E+01,
6.42,5.93E+00,3.90E+01,
6.43,5.74E+00,3.91E+01,
6.44,5.44E+00,3.92E+01,
6.45,5.05E+00,3.92E+01,
6.46,4.59E+00,3.92E+01,
6.47,4.09E+00,3.93E+01,
6.48,3.60E+00,3.93E+01,
6.49,3.13E+00,3.94E+01,
6.5,2.72E+00,3.94E+01,
6.51,2.37E+00,3.94E+01,
6.52,2.09E+00,3.94E+01,
6.53,1.87E+00,3.94E+01,
6.54,1.71E+00,3.95E+01,
6.55,1.59E+00,3.95E+01,
6.56,1.51E+00,3.95E+01,
6.57,1.47E+00,3.95E+01,
6.58,1.46E+00,3.95E+01,
6.59,1.49E+00,3.95E+01,
6.6,1.56E+00,3.96E+01,
6.61,1.66E+00,3.96E+01,
6.62,1.82E+00,3.96E+01,
6.63,2.01E+00,3.96E+01,
6.64,2.24E+00,3.96E+01,
6.65,2.49E+00,3.97E+01,
6.66,2.74E+00,3.97E+01,
6.67,2.98E+00,3.97E+01,
6.68,3.17E+00,3.97E+01,
6.69,3.31E+00,3.98E+01,
6.7,3.38E+00,3.98E+01,
6.71,3.39E+00,3.98E+01,
6.72,3.34E+00,3.99E+01,
6.73,3.26E+00,3.99E+01,
6.74,3.16E+00,3.99E+01,
6.75,3.06E+00,4.00E+01,
6.76,2.98E+00,4.00E+01,
6.77,2.95E+00,4.00E+01,
6.78,2.95E+00,4.01E+01,
6.79,3.00E+00,4.01E+01,
6.8,3.08E+00,4.01E+01,
6.81,3.19E+00,4.02E+01,
6.82,3.32E+00,4.02E+01,
6.83,3.45E+00,4.02E+01,
6.84,3.57E+00,4.03E+01,
6.85,3.68E+00,4.03E+01,
6.86,3.76E+00,4.03E+01,
6.87,3.82E+00,4.04E+01,
6.88,3.85E+00,4.04E+01,
6.89,3.86E+00,4.04E+01,
6.9,3.84E+00,4.05E+01,
6.91,3.81E+00,4.05E+01,
6.92,3.76E+00,4.06E+01,
6.93,3.71E+00,4.06E+01,
6.94,3.67E+00,4.06E+01,
6.95,3.64E+00,4.07E+01,
6.96,3.62E+00,4.07E+01,
6.97,3.61E+00,4.07E+01,
6.98,3.62E+00,4.08E+01,
6.99,3.64E+00,4.08E+01,
7,3.67E+00,4.09E+01,
7.01,3.69E+00,4.09E+01,
7.02,3.71E+00,4.09E+01,
7.03,3.73E+00,4.10E+01,
7.04,3.74E+00,4.10E+01,
7.05,3.74E+00,4.10E+01,
7.06,3.73E+00,4.11E+01,
7.07,3.72E+00,4.11E+01,
7.08,3.70E+00,4.12E+01,
7.09,3.69E+00,4.12E+01,
7.1,3.67E+00,4.12E+01,
7.11,3.65E+00,4.13E+01,
7.12,3.62E+00,4.13E+01,
7.13,3.58E+00,4.13E+01,
7.14,3.54E+00,4.14E+01,
7.15,3.48E+00,4.14E+01,
7.16,3.42E+00,4.14E+01,
7.17,3.35E+00,4.15E+01,
7.18,3.28E+00,4.15E+01,
7.19,3.22E+00,4.15E+01,
7.2,3.16E+00,4.16E+01,
7.21,3.12E+00,4.16E+01,
7.22,3.09E+00,4.16E+01,
7.23,3.09E+00,4.17E+01,
7.24,3.09E+00,4.17E+01,
7.25,3.12E+00,4.17E+01,
7.26,3.16E+00,4.18E+01,
7.27,3.21E+00,4.18E+01,
7.28,3.28E+00,4.18E+01,
7.29,3.36E+00,4.19E+01,
7.3,3.45E+00,4.19E+01,
7.31,3.55E+00,4.19E+01,
7.32,3.68E+00,4.20E+01,
7.33,3.81E+00,4.20E+01,
7.34,3.96E+00,4.20E+01,
7.35,4.13E+00,4.21E+01,
7.36,4.31E+00,4.21E+01,
7.37,4.50E+00,4.22E+01,
7.38,4.69E+00,4.22E+01,
7.39,4.89E+00,4.23E+01,
7.4,5.07E+00,4.23E+01,
7.41,5.24E+00,4.24E+01,
7.42,5.37E+00,4.24E+01,
7.43,5.47E+00,4.25E+01,
7.44,5.50E+00,4.25E+01,
7.45,5.48E+00,4.26E+01,
7.46,5.40E+00,4.26E+01,
7.47,5.26E+00,4.27E+01,
7.48,5.08E+00,4.27E+01,
7.49,4.87E+00,4.28E+01,
7.5,4.65E+00,4.28E+01,
7.51,4.44E+00,4.29E+01,
7.52,4.25E+00,4.29E+01,
7.53,4.10E+00,4.30E+01,
7.54,4.00E+00,4.30E+01,
7.55,3.95E+00,4.30E+01,
7.56,3.95E+00,4.31E+01,
7.57,3.99E+00,4.31E+01,
7.58,4.07E+00,4.32E+01,
7.59,4.18E+00,4.32E+01,
7.6,4.33E+00,4.33E+01,
7.61,4.51E+00,4.33E+01,
7.62,4.72E+00,4.33E+01,
7.63,4.96E+00,4.34E+01,
7.64,5.23E+00,4.34E+01,
7.65,5.54E+00,4.35E+01,
7.66,5.88E+00,4.36E+01,
7.67,6.23E+00,4.36E+01,
7.68,6.59E+00,4.37E+01,
7.69,6.95E+00,4.38E+01,
7.7,7.28E+00,4.38E+01,
7.71,7.58E+00,4.39E+01,
7.72,7.83E+00,4.40E+01,
7.73,8.03E+00,4.41E+01,
7.74,8.17E+00,4.41E+01,
7.75,8.24E+00,4.42E+01,
7.76,8.25E+00,4.43E+01,
7.77,8.19E+00,4.44E+01,
7.78,8.08E+00,4.45E+01,
7.79,7.92E+00,4.46E+01,
7.8,7.73E+00,4.46E+01,
7.81,7.51E+00,4.47E+01,
7.82,7.29E+00,4.48E+01,
7.83,7.07E+00,4.48E+01,
7.84,6.85E+00,4.49E+01,
7.85,6.64E+00,4.50E+01,
7.86,6.44E+00,4.50E+01,
7.87,6.23E+00,4.51E+01,
7.88,6.01E+00,4.52E+01,
7.89,5.78E+00,4.52E+01,
7.9,5.52E+00,4.53E+01,
7.91,5.25E+00,4.53E+01,
7.92,4.97E+00,4.54E+01,
7.93,4.69E+00,4.54E+01,
7.94,4.43E+00,4.55E+01,
7.95,4.20E+00,4.55E+01,
7.96,4.02E+00,4.56E+01,
7.97,3.88E+00,4.56E+01,
7.98,3.79E+00,4.56E+01,
7.99,3.78E+00,4.57E+01,
8,3.82E+00,4.57E+01,
8.01,3.94E+00,4.58E+01,
8.02,4.13E+00,4.58E+01,
8.03,4.38E+00,4.58E+01,
8.04,4.69E+00,4.59E+01,
8.05,5.05E+00,4.59E+01,
8.06,5.44E+00,4.60E+01,
8.07,5.83E+00,4.60E+01,
8.08,6.20E+00,4.61E+01,
8.09,6.52E+00,4.62E+01,
8.1,6.77E+00,4.62E+01,
8.11,6.92E+00,4.63E+01,
8.12,6.97E+00,4.64E+01,
8.13,6.91E+00,4.64E+01,
8.14,6.77E+00,4.65E+01,
8.15,6.55E+00,4.66E+01,
8.16,6.28E+00,4.66E+01,
8.17,5.98E+00,4.67E+01,
8.18,5.68E+00,4.68E+01,
8.19,5.39E+00,4.68E+01,
8.2,5.13E+00,4.69E+01,
8.21,4.90E+00,4.69E+01,
8.22,4.70E+00,4.70E+01,
8.23,4.53E+00,4.70E+01,
8.24,4.39E+00,4.71E+01,
8.25,4.26E+00,4.71E+01,
8.26,4.16E+00,4.71E+01,
8.27,4.06E+00,4.72E+01,
8.28,3.96E+00,4.72E+01,
8.29,3.87E+00,4.73E+01,
8.3,3.78E+00,4.73E+01,
8.31,3.69E+00,4.73E+01,
8.32,3.60E+00,4.74E+01,
8.33,3.50E+00,4.74E+01,
8.34,3.40E+00,4.74E+01,
8.35,3.30E+00,4.75E+01,
8.36,3.21E+00,4.75E+01,
8.37,3.13E+00,4.75E+01,
8.38,3.06E+00,4.76E+01,
8.39,3.00E+00,4.76E+01,
8.4,2.97E+00,4.76E+01,
8.41,2.95E+00,4.77E+01,
8.42,2.96E+00,4.77E+01,
8.43,2.99E+00,4.77E+01,
8.44,3.05E+00,4.77E+01,
8.45,3.14E+00,4.78E+01,
8.46,3.25E+00,4.78E+01,
8.47,3.37E+00,4.78E+01,
8.48,3.51E+00,4.79E+01,
8.49,3.64E+00,4.79E+01,
8.5,3.76E+00,4.79E+01,
8.51,3.84E+00,4.80E+01,
8.52,3.88E+00,4.80E+01,
8.53,3.87E+00,4.81E+01,
8.54,3.81E+00,4.81E+01,
8.55,3.70E+00,4.81E+01,
8.56,3.55E+00,4.82E+01,
8.57,3.39E+00,4.82E+01,
8.58,3.21E+00,4.82E+01,
8.59,3.04E+00,4.83E+01,
8.6,2.88E+00,4.83E+01,
8.61,2.75E+00,4.83E+01,
8.62,2.65E+00,4.84E+01,
8.63,2.59E+00,4.84E+01,
8.64,2.57E+00,4.84E+01,
8.65,2.60E+00,4.84E+01,
8.66,2.68E+00,4.85E+01,
8.67,2.84E+00,4.85E+01,
8.68,3.08E+00,4.85E+01,
8.69,3.41E+00,4.86E+01,
8.7,3.85E+00,4.86E+01,
8.71,4.40E+00,4.86E+01,
8.72,5.03E+00,4.87E+01,
8.73,5.72E+00,4.87E+01,
8.74,6.42E+00,4.88E+01,
8.75,7.08E+00,4.89E+01,
8.76,7.64E+00,4.90E+01,
8.77,8.04E+00,4.90E+01,
8.78,8.24E+00,4.91E+01,
8.79,8.25E+00,4.92E+01,
8.8,8.06E+00,4.93E+01,
8.81,7.70E+00,4.94E+01,
8.82,7.23E+00,4.94E+01,
8.83,6.70E+00,4.95E+01,
8.84,6.14E+00,4.96E+01,
8.85,5.61E+00,4.96E+01,
8.86,5.11E+00,4.97E+01,
8.87,4.68E+00,4.97E+01,
8.88,4.30E+00,4.98E+01,
8.89,3.97E+00,4.98E+01,
8.9,3.67E+00,4.98E+01,
8.91,3.41E+00,4.99E+01,
8.92,3.17E+00,4.99E+01,
8.93,2.95E+00,4.99E+01,
8.94,2.74E+00,5.00E+01,
8.95,2.55E+00,5.00E+01,
8.96,2.37E+00,5.00E+01,
8.97,2.23E+00,5.00E+01,
8.98,2.10E+00,5.00E+01,
8.99,2.01E+00,5.01E+01,
9,1.95E+00,5.01E+01,
9.01,1.92E+00,5.01E+01,
9.02,1.92E+00,5.01E+01,
9.03,1.96E+00,5.01E+01,
9.04,2.03E+00,5.02E+01,
9.05,2.12E+00,5.02E+01,
9.06,2.24E+00,5.02E+01,
9.07,2.36E+00,5.02E+01,
9.08,2.48E+00,5.03E+01,
9.09,2.60E+00,5.03E+01,
9.1,2.70E+00,5.03E+01,
9.11,2.79E+00,5.03E+01,
9.12,2.84E+00,5.04E+01,
9.13,2.87E+00,5.04E+01,
9.14,2.88E+00,5.04E+01,
9.15,2.87E+00,5.04E+01,
9.16,2.85E+00,5.05E+01,
9.17,2.82E+00,5.05E+01,
9.18,2.80E+00,5.05E+01,
9.19,2.80E+00,5.06E+01,
9.2,2.81E+00,5.06E+01,
9.21,2.85E+00,5.06E+01,
9.22,2.91E+00,5.06E+01,
9.23,2.99E+00,5.07E+01,
9.24,3.09E+00,5.07E+01,
9.25,3.21E+00,5.07E+01,
9.26,3.32E+00,5.08E+01,
9.27,3.43E+00,5.08E+01,
9.28,3.53E+00,5.08E+01,
9.29,3.60E+00,5.09E+01,
9.3,3.66E+00,5.09E+01,
9.31,3.69E+00,5.10E+01,
9.32,3.70E+00,5.10E+01,
9.33,3.71E+00,5.10E+01,
9.34,3.71E+00,5.11E+01,
9.35,3.71E+00,5.11E+01,
9.36,3.72E+00,5.11E+01,
9.37,3.74E+00,5.12E+01,
9.38,3.76E+00,5.12E+01,
9.39,3.79E+00,5.13E+01,
9.4,3.81E+00,5.13E+01,
9.41,3.82E+00,5.13E+01,
9.42,3.82E+00,5.14E+01,
9.43,3.80E+00,5.14E+01,
9.44,3.78E+00,5.14E+01,
9.45,3.74E+00,5.15E+01,
9.46,3.71E+00,5.15E+01,
9.47,3.69E+00,5.16E+01,
9.48,3.67E+00,5.16E+01,
9.49,3.67E+00,5.16E+01,
9.5,3.68E+00,5.17E+01,
9.51,3.71E+00,5.17E+01,
9.52,3.76E+00,5.17E+01,
9.53,3.82E+00,5.18E+01,
9.54,3.88E+00,5.18E+01,
9.55,3.95E+00,5.19E+01,
9.56,4.02E+00,5.19E+01,
9.57,4.09E+00,5.19E+01,
9.58,4.14E+00,5.20E+01,
9.59,4.17E+00,5.20E+01,
9.6,4.18E+00,5.21E+01,
9.61,4.16E+00,5.21E+01,
9.62,4.13E+00,5.21E+01,
9.63,4.08E+00,5.22E+01,
9.64,4.02E+00,5.22E+01,
9.65,3.97E+00,5.23E+01,
9.66,3.94E+00,5.23E+01,
9.67,3.94E+00,5.23E+01,
9.68,3.98E+00,5.24E+01,
9.69,4.05E+00,5.24E+01,
9.7,4.16E+00,5.25E+01,
9.71,4.28E+00,5.25E+01,
9.72,4.41E+00,5.26E+01,
9.73,4.52E+00,5.26E+01,
9.74,4.58E+00,5.26E+01,
9.75,4.59E+00,5.27E+01,
9.76,4.52E+00,5.27E+01,
9.77,4.38E+00,5.28E+01,
9.78,4.17E+00,5.28E+01,
9.79,3.89E+00,5.29E+01,
9.8,3.59E+00,5.29E+01,
9.81,3.28E+00,5.29E+01,
9.82,3.00E+00,5.30E+01,
9.83,2.76E+00,5.30E+01,
9.84,2.59E+00,5.30E+01,
9.85,2.48E+00,5.30E+01,
9.86,2.43E+00,5.31E+01,
9.87,2.43E+00,5.31E+01,
9.88,2.46E+00,5.31E+01,
9.89,2.51E+00,5.31E+01,
9.9,2.56E+00,5.32E+01,
9.91,2.59E+00,5.32E+01,
9.92,2.62E+00,5.32E+01,
9.93,2.62E+00,5.32E+01,
9.94,2.61E+00,5.33E+01,
9.95,2.59E+00,5.33E+01,
9.96,2.58E+00,5.33E+01,
9.97,2.59E+00,5.33E+01,
9.98,2.61E+00,5.34E+01,
9.99,2.67E+00,5.34E+01,
10,2.77E+00,5.34E+01,
