Date,AAL,AAPL,ABT,AMC,BNTX,BXP,CCL,DAL,DVN,EDIT,HPP,JNJ,MRNA,MRO,PFE,SLG,TSLA,UAL,WEN,WFC,WMT,XOM,SP500
5/18/2020,9.87,78.74,90.27,4.72,60.17,80.93,14.72,21.86,13.12,27.06,21.51,150.52,80.00,6.08,36.12,42.21,162.73,24.13,20.57,25.41,127.66,45.34,2953.91
5/19/2020,9.64,78.29,88.22,4.56,50.59,77.82,14.11,21.76,12.31,27.07,20.88,149.02,71.67,5.82,35.75,39.79,161.60,23.68,20.12,23.95,124.95,43.94,2922.94
5/20/2020,9.87,79.81,90.09,4.66,53.04,80.83,14.15,22.72,12.42,28.56,21.12,147.68,73.47,5.95,35.70,39.20,163.11,24.91,20.46,24.52,125.45,45.37,2971.61
5/21/2020,9.89,79.21,90.39,4.63,51.90,79.91,14.60,23.16,12.29,29.28,21.56,146.71,67.05,5.94,35.35,38.54,165.52,25.84,20.86,24.46,124.99,44.56,2948.51
5/22/2020,9.70,79.72,91.47,4.58,51.03,78.01,14.46,22.69,12.14,30.10,21.22,144.37,69.00,5.89,35.58,37.93,163.38,25.40,20.86,24.17,124.33,44.60,2955.45
5/26/2020,11.14,79.18,89.48,5.11,50.88,84.52,16.28,25.65,12.31,27.41,23.14,144.56,57.71,6.03,35.57,42.48,163.77,29.54,20.70,26.26,123.86,45.91,2991.77
5/27/2020,11.98,79.53,90.76,5.60,47.59,88.81,17.24,26.32,12.43,27.86,24.17,144.89,52.18,6.15,35.49,45.36,164.05,30.69,21.78,27.95,122.48,46.24,3036.13
5/28/2020,10.98,79.56,92.10,5.07,46.87,87.76,15.93,25.66,11.66,27.29,25.54,146.97,55.54,5.70,36.22,45.22,161.16,28.89,21.23,27.22,123.69,45.04,3029.73
5/29/2020,10.50,79.49,94.92,5.13,49.53,85.98,15.74,25.21,10.81,27.07,24.17,148.75,61.50,5.34,36.23,43.38,167.00,28.04,21.26,26.47,124.06,45.47,3044.31
6/1/2020,11.11,80.46,93.01,5.31,52.30,89.00,16.80,26.17,11.70,27.42,24.71,147.19,62.18,5.69,33.64,45.39,179.62,29.46,21.90,27.09,123.96,46.28,3055.73
6/2/2020,11.22,80.83,92.62,5.59,52.38,90.21,16.87,26.41,12.16,28.22,26.17,148.25,59.87,5.86,34.31,48.74,176.31,29.91,21.94,27.40,123.94,47.31,3080.82
6/3/2020,11.85,81.28,91.40,5.45,51.16,95.54,17.25,28.47,12.52,27.46,28.28,148.65,59.89,5.95,34.31,52.68,176.59,33.65,22.18,28.83,123.47,49.24,3122.87
6/4/2020,16.72,80.58,88.25,5.38,50.00,96.99,18.48,32.38,12.72,27.04,28.08,146.73,60.59,6.23,34.17,53.32,172.88,39.10,21.94,30.22,122.11,49.10,3112.35
6/5/2020,18.59,82.88,89.86,5.91,49.18,102.04,21.51,34.16,14.60,26.66,28.84,147.30,58.19,7.32,34.15,56.68,177.13,42.41,22.85,31.67,121.56,53.08,3193.93
6/8/2020,20.31,83.36,92.56,6.45,48.78,107.16,24.91,36.97,15.76,27.12,29.27,146.77,59.10,8.43,34.72,65.01,189.98,48.69,22.65,33.32,121.24,54.74,3232.39
6/9/2020,18.55,86.00,90.27,5.99,47.79,104.33,23.04,34.17,14.55,26.81,28.51,145.96,58.23,7.66,34.35,59.05,188.13,44.64,23.04,32.63,121.35,53.52,3207.18
6/10/2020,17.02,88.21,92.16,6.29,47.41,100.15,20.59,31.64,13.67,27.49,27.43,147.80,60.07,7.11,34.08,54.83,205.01,39.72,22.24,29.71,121.16,50.65,3190.14
6/11/2020,14.38,83.97,87.78,5.17,48.60,92.59,17.44,27.20,12.20,25.01,25.21,140.87,60.20,6.26,31.59,50.47,194.57,33.32,21.16,26.79,120.09,46.18,3002.10
6/12/2020,16.74,84.70,89.02,5.89,48.58,96.54,19.98,30.43,12.80,26.99,26.18,142.15,62.00,6.58,32.02,53.76,187.06,39.66,21.74,27.97,117.74,47.17,3041.31
6/15/2020,16.70,85.75,89.55,5.80,50.85,94.95,19.44,30.46,12.89,28.94,25.98,141.25,66.57,6.60,31.65,53.01,198.18,39.00,21.87,28.21,118.08,47.14,3066.59
6/16/2020,17.03,88.02,89.74,5.56,49.90,99.17,20.42,31.30,13.30,30.88,27.34,144.46,64.34,6.74,31.69,55.38,196.43,40.21,22.04,28.52,119.65,48.20,3124.74
6/17/2020,16.98,87.90,90.90,5.42,50.85,97.38,19.09,30.72,12.63,29.89,26.38,144.02,63.31,6.37,31.84,53.18,198.36,39.25,21.82,27.45,119.03,46.63,3113.49
6/18/2020,16.49,87.93,90.28,5.63,50.94,94.83,18.82,30.79,12.95,32.45,26.08,143.41,64.95,6.49,31.54,55.13,200.79,39.34,22.05,27.55,117.99,46.92,3115.34
6/19/2020,16.00,87.43,90.68,5.52,51.36,90.76,17.83,29.51,12.94,32.16,25.22,143.83,66.35,6.36,31.71,53.42,200.18,36.84,21.86,27.60,119.85,45.98,3097.74
6/22/2020,14.92,89.72,90.34,5.33,57.45,93.63,17.23,29.31,12.70,33.19,24.92,143.39,64.75,6.27,31.41,53.66,198.86,36.54,21.95,27.35,121.68,46.42,3117.86
6/23/2020,14.00,91.63,91.30,5.10,52.75,92.60,18.00,29.64,12.38,34.34,25.07,142.86,62.94,6.33,31.09,53.21,200.36,36.08,21.91,27.23,121.07,46.70,3131.29
6/24/2020,13.04,90.01,87.30,4.79,54.73,89.69,16.00,27.34,11.25,30.73,23.87,139.82,64.84,5.79,30.54,51.31,192.17,33.07,21.24,26.12,120.30,44.50,3050.33
6/25/2020,13.17,91.21,89.62,4.27,59.71,90.05,16.00,28.01,11.70,31.41,24.76,139.67,62.00,5.98,30.66,51.56,197.20,34.69,20.93,27.37,119.71,45.17,3083.76
6/26/2020,12.38,88.41,88.71,4.18,62.13,87.24,15.78,26.91,10.94,28.92,24.90,137.81,61.28,5.74,30.40,48.16,191.95,32.89,21.06,25.34,118.32,43.62,3009.05
6/29/2020,13.32,90.45,89.01,4.42,65.80,89.67,16.78,28.61,11.12,29.34,25.12,139.04,62.08,5.96,30.97,51.58,201.87,35.27,21.66,25.70,119.06,44.32,3053.24
6/30/2020,13.07,91.20,91.43,4.29,66.74,90.38,16.42,28.05,11.34,29.58,25.16,140.63,64.21,6.12,31.02,50.76,215.96,34.61,21.78,25.60,119.78,44.72,3100.29
7/1/2020,12.81,91.03,91.64,4.57,64.14,90.05,16.36,27.70,11.10,30.85,25.29,140.38,61.59,5.95,32.01,49.99,223.93,34.45,22.26,25.09,119.69,43.71,3115.86
7/2/2020,12.50,91.03,92.23,4.53,63.27,91.55,15.88,27.72,11.24,30.53,25.32,140.97,58.57,6.12,32.74,51.41,241.73,34.14,21.89,25.34,119.21,44.08,3130.01
7/6/2020,12.80,93.46,92.97,4.28,65.51,91.35,15.61,28.44,11.16,30.68,25.19,142.98,59.15,5.86,32.74,52.12,274.32,35.21,22.74,25.49,118.89,44.39,3179.72
7/7/2020,11.91,93.17,92.46,4.13,69.34,88.28,14.57,27.01,10.35,32.17,23.74,142.85,61.09,5.57,32.29,49.69,277.97,32.55,21.96,24.46,126.95,43.24,3145.32
7/8/2020,11.99,95.34,92.58,4.43,67.56,87.58,15.32,27.01,10.36,34.63,23.87,143.27,61.58,5.67,32.02,50.21,273.18,32.53,22.21,24.55,124.44,43.14,3169.94
7/9/2020,11.18,95.75,93.67,4.57,65.61,85.06,14.58,25.65,9.80,34.49,23.81,142.49,64.96,5.27,31.75,47.34,278.86,30.17,21.63,24.04,127.75,41.36,3152.05
7/10/2020,11.94,95.92,93.04,4.60,70.36,87.39,16.16,27.09,10.19,32.88,24.00,142.37,62.61,5.35,32.10,49.55,308.93,32.67,21.99,25.47,130.68,42.65,3185.04
7/13/2020,11.63,95.48,93.09,4.26,77.78,90.22,15.28,26.82,9.96,31.48,24.00,145.21,71.78,5.13,33.41,50.33,299.41,31.76,21.43,25.41,129.52,42.66,3155.22
7/14/2020,11.57,97.06,94.82,4.22,83.88,92.45,15.04,26.11,10.43,31.62,23.79,147.92,75.04,5.37,33.43,50.03,303.36,31.74,21.72,24.25,132.01,44.07,3197.52
7/15/2020,13.44,97.72,96.73,4.50,78.00,93.18,17.48,28.60,10.74,32.62,24.26,148.26,80.22,5.69,33.89,51.12,309.20,36.37,22.45,25.35,132.00,44.63,3226.56
7/16/2020,12.45,96.52,96.40,4.38,75.87,91.28,15.78,27.26,10.67,32.21,23.61,149.25,81.81,5.72,33.78,50.13,300.13,34.49,22.23,25.46,132.20,44.28,3215.57
7/17/2020,11.91,96.33,99.25,4.27,85.25,93.07,15.47,27.05,10.29,32.23,23.97,149.35,94.85,5.51,34.39,50.31,300.17,33.92,22.41,24.95,131.74,43.52,3224.73
7/20/2020,11.47,98.36,99.08,4.15,88.20,89.53,15.00,26.22,10.27,32.56,23.22,149.60,82.68,5.49,34.63,47.68,328.60,32.33,22.28,24.57,131.47,42.50,3251.84
7/21/2020,11.47,97.00,98.19,4.15,91.60,91.54,15.19,26.43,11.35,30.32,23.43,149.74,80.86,5.86,34.81,49.36,313.67,33.07,22.81,26.20,132.33,44.65,3257.30
7/22/2020,11.36,97.27,100.19,4.03,104.17,93.14,15.14,26.25,11.07,30.20,23.96,150.01,83.22,5.79,36.58,51.26,318.47,31.67,23.35,26.26,132.66,43.61,3276.02
7/23/2020,11.77,92.85,100.82,4.06,88.51,91.48,14.80,26.78,10.88,30.33,23.93,149.61,75.33,5.76,36.44,49.33,302.61,33.23,23.12,26.35,131.64,43.70,3235.66
7/24/2020,11.39,92.61,98.95,4.00,84.17,90.67,14.80,25.96,10.70,29.88,23.42,148.12,73.21,5.72,35.73,47.83,283.40,32.88,23.45,26.26,131.24,43.43,3215.63
7/27/2020,11.39,94.81,99.99,3.87,86.53,89.73,13.75,25.50,10.43,31.70,23.96,147.18,79.91,5.63,35.62,48.27,307.92,32.42,23.82,25.49,131.21,44.07,3239.41
7/28/2020,11.77,93.25,99.86,4.15,85.38,91.13,14.33,25.94,10.34,30.20,24.53,146.83,81.49,5.53,37.02,49.66,295.30,33.46,22.91,25.53,131.76,43.55,3218.44
7/29/2020,11.40,95.04,102.52,4.16,82.50,90.59,14.65,25.72,10.84,30.04,24.43,146.54,79.51,5.74,37.25,50.16,299.82,32.57,23.43,25.78,130.69,44.03,3258.44
7/30/2020,11.18,96.19,101.53,4.12,84.16,88.27,14.34,24.94,10.34,30.63,23.76,146.84,77.63,5.51,36.76,48.72,297.50,31.74,23.15,24.65,130.12,41.87,3246.22
7/31/2020,11.12,106.26,100.64,4.04,82.11,89.09,13.88,24.97,10.49,29.36,23.57,145.76,74.10,5.49,36.51,47.89,286.15,31.38,23.18,24.26,129.40,42.08,3271.12
8/3/2020,11.08,108.94,100.68,4.11,85.47,86.24,13.07,25.20,10.60,31.57,23.25,147.35,77.98,5.52,36.39,47.28,297.00,31.87,23.05,24.29,129.30,42.25,3294.61
8/4/2020,11.47,109.67,99.93,4.10,83.17,87.21,13.74,25.67,11.09,31.88,23.54,147.22,78.46,5.78,36.42,49.08,297.40,32.29,23.81,24.22,131.64,43.47,3306.51
8/5/2020,12.56,110.06,102.14,4.15,81.30,86.63,14.02,26.47,12.04,32.49,23.10,148.40,75.80,5.98,36.48,48.59,297.00,33.73,22.39,24.40,129.81,43.85,3327.77
8/6/2020,13.04,113.90,101.75,4.14,77.08,88.30,13.78,27.08,11.77,36.84,23.38,147.55,73.76,5.68,36.31,48.73,297.92,34.40,22.25,24.24,129.35,43.64,3349.16
8/7/2020,13.03,111.11,101.23,4.75,77.00,90.04,14.22,27.18,12.11,34.71,23.74,148.60,74.10,5.74,36.48,50.07,290.54,34.33,22.34,25.07,129.97,43.44,3351.28
8/10/2020,14.00,112.73,100.04,4.47,73.95,90.95,15.44,29.34,12.64,35.51,24.13,148.03,72.01,6.04,36.42,52.56,283.71,37.54,21.98,24.70,131.88,44.51,3360.47
8/11/2020,13.73,109.38,99.06,4.56,68.45,89.96,15.82,29.64,12.36,34.19,24.12,146.97,68.97,5.94,35.85,52.03,274.88,36.83,22.07,25.32,130.20,44.97,3333.69
8/12/2020,13.54,113.01,100.65,4.64,69.11,88.17,15.19,29.09,12.51,34.75,24.34,149.66,69.52,5.98,36.37,51.98,310.95,36.40,22.19,25.19,131.89,44.09,3380.35
8/13/2020,13.30,115.01,101.10,5.31,71.00,86.24,15.22,28.70,11.84,35.32,23.57,148.00,67.83,5.89,36.21,49.51,324.20,35.81,22.37,25.02,131.85,43.01,3373.43
8/14/2020,13.33,114.91,99.99,5.54,68.64,86.43,15.47,28.95,12.12,34.92,23.59,148.24,69.15,6.05,36.11,48.80,330.14,36.18,21.99,25.30,132.60,43.20,3372.85
8/17/2020,12.62,114.61,100.71,5.60,70.26,86.26,14.68,28.02,11.74,36.65,23.65,148.99,69.76,5.92,36.39,48.28,367.13,34.40,21.31,24.47,135.60,42.64,3381.99
8/18/2020,12.60,115.56,100.96,5.35,67.88,85.63,14.41,27.63,11.34,37.16,23.10,150.09,67.03,5.95,36.39,48.32,377.42,33.98,21.59,24.04,134.71,42.43,3389.78
8/19/2020,12.68,115.71,100.48,5.39,65.60,84.17,14.60,27.67,11.09,36.97,22.79,150.39,68.00,5.73,36.30,47.28,375.71,34.44,21.18,24.07,132.41,41.96,3374.85
8/20/2020,12.50,118.28,101.63,5.69,66.27,85.27,14.54,27.62,10.69,36.76,22.90,151.42,67.81,5.51,36.74,48.64,400.37,34.05,21.68,23.75,130.57,41.32,3385.51
8/21/2020,12.16,124.37,102.40,5.19,73.02,84.26,14.65,27.27,10.44,36.08,22.88,152.76,66.45,5.27,36.89,48.58,410.00,33.04,21.79,23.64,131.63,41.01,3397.16
8/24/2020,13.44,125.86,101.39,5.41,70.85,87.13,16.14,29.80,10.78,34.23,23.85,152.15,64.88,5.45,36.85,51.33,402.84,36.32,21.45,24.49,131.33,42.22,3431.28
8/25/2020,13.14,124.82,102.47,5.54,70.49,88.41,15.89,30.10,10.98,35.02,24.09,152.06,66.25,5.49,36.44,50.99,404.67,35.22,21.42,24.61,130.63,40.88,3443.62
8/26/2020,12.79,126.52,103.19,5.60,67.90,85.95,15.28,29.95,10.70,34.63,23.49,152.30,70.50,5.30,36.10,48.53,430.63,34.25,21.24,24.04,130.70,40.01,3478.73
8/27/2020,13.28,125.01,111.29,6.52,65.59,88.48,16.12,30.82,10.76,34.42,24.02,152.98,68.03,5.36,35.92,49.97,447.75,36.22,21.51,24.59,136.63,39.74,3484.55
8/28/2020,13.59,124.81,110.79,6.30,64.00,88.94,17.21,31.99,11.10,34.96,23.80,153.64,67.49,5.39,35.97,50.37,442.68,37.34,21.72,24.69,140.30,40.69,3508.01
8/31/2020,13.05,129.04,109.47,5.88,61.25,86.87,16.48,30.85,10.87,35.23,23.48,153.41,64.89,5.28,35.85,48.16,498.32,36.00,20.94,24.15,138.85,39.94,3500.31
9/1/2020,13.10,134.18,106.55,6.07,57.81,85.36,16.51,30.71,10.91,35.03,23.29,151.52,63.32,5.32,34.99,48.59,475.05,36.01,20.95,24.05,147.59,39.43,3526.65
9/2/2020,13.23,131.40,109.44,7.04,61.99,87.01,16.71,31.14,10.66,36.16,23.59,153.83,64.72,5.12,35.29,49.93,447.37,36.89,21.97,24.57,147.68,39.19,3580.84
9/3/2020,13.36,120.88,105.53,6.60,59.28,87.63,17.58,31.22,10.47,31.94,23.90,149.55,64.84,4.99,34.54,49.67,407.00,37.40,21.95,24.52,144.54,39.11,3455.06
9/4/2020,13.61,120.96,104.16,7.02,58.57,87.81,18.53,31.77,10.55,30.47,24.04,148.59,62.60,4.93,34.50,50.66,418.32,38.21,21.58,24.79,142.83,39.08,3426.96
9/8/2020,13.63,112.82,102.84,6.42,59.83,86.58,18.29,32.54,9.62,29.25,23.74,147.26,54.34,4.50,34.09,48.46,330.21,37.28,21.85,23.97,138.45,38.18,3331.84
9/9/2020,13.05,117.32,105.81,6.26,62.32,85.51,17.66,31.76,9.58,30.95,23.43,149.70,56.90,4.54,34.33,48.74,366.28,36.03,22.50,23.84,139.89,37.95,3398.96
9/10/2020,13.01,113.49,104.00,5.94,61.20,84.50,17.88,31.79,8.87,30.40,23.28,146.91,57.56,4.36,33.82,46.40,371.34,36.45,21.85,23.95,136.81,37.00,3339.19
9/11/2020,12.95,112.00,104.70,5.79,65.13,83.21,17.69,31.70,8.97,29.99,23.29,147.78,59.34,4.47,34.22,46.09,372.72,36.07,21.47,24.27,136.70,36.90,3340.97
9/14/2020,13.26,115.36,105.69,5.54,67.48,85.91,17.85,32.82,9.12,31.33,23.98,148.35,63.67,4.40,35.11,48.99,419.62,36.74,22.03,24.81,137.32,36.66,3383.54
9/15/2020,13.14,115.54,106.58,5.52,66.92,87.77,15.93,33.51,9.23,31.90,24.58,148.89,66.88,4.34,35.07,51.39,449.76,36.80,21.86,24.88,137.36,36.27,3401.20
9/16/2020,13.80,112.13,105.70,5.76,66.04,89.93,16.46,34.57,9.76,33.22,24.50,148.40,68.84,4.56,34.90,52.77,441.76,38.30,21.11,25.71,136.26,37.81,3385.49
9/17/2020,13.63,110.34,106.66,5.72,66.78,87.87,16.24,33.96,9.95,32.70,23.64,147.17,67.89,4.68,34.93,52.49,423.43,38.35,21.25,25.11,136.69,37.80,3357.01
9/18/2020,13.19,106.84,106.86,5.67,67.00,84.87,15.31,32.84,9.78,33.90,22.71,149.18,69.87,4.82,34.75,50.90,442.15,36.97,20.96,25.13,135.29,37.19,3319.47
9/21/2020,12.21,110.08,105.95,5.32,66.12,81.11,14.29,29.82,9.27,32.34,22.10,145.10,69.26,4.56,34.17,47.80,449.39,33.79,20.66,24.04,137.07,36.43,3281.06
9/22/2020,12.34,111.81,104.80,5.21,67.05,80.50,14.41,30.22,9.20,32.76,22.17,144.21,68.72,4.47,34.39,46.99,424.23,34.07,21.07,23.65,138.31,35.53,3315.57
9/23/2020,11.93,107.12,102.73,4.78,63.83,79.00,14.13,29.56,8.68,31.45,21.32,144.44,67.16,4.21,34.16,45.14,380.36,33.08,21.01,22.83,135.99,34.39,3236.92
9/24/2020,11.77,108.22,100.92,4.61,62.83,79.38,13.74,29.01,8.96,29.08,21.25,144.67,65.17,4.31,33.93,46.07,387.79,32.74,21.20,23.32,136.70,34.32,3246.59
9/25/2020,12.29,112.28,103.45,4.88,66.69,80.38,15.07,29.78,8.82,29.41,21.41,145.66,69.47,4.14,34.20,47.81,407.34,34.20,21.34,23.64,137.27,34.64,3298.46
9/28/2020,12.76,114.96,104.44,4.91,66.50,82.73,15.31,31.34,9.80,29.14,22.16,147.11,70.55,4.29,34.53,49.71,421.20,35.94,22.15,23.82,137.25,35.31,3351.60
9/29/2020,12.25,114.09,105.19,4.86,66.86,80.28,15.07,30.61,9.57,29.04,21.52,147.06,70.52,4.16,34.32,47.92,419.07,34.51,22.35,23.26,137.14,34.28,3335.47
9/30/2020,12.29,115.81,108.83,4.71,69.23,80.30,15.18,30.58,9.46,28.06,21.93,148.88,70.75,4.09,34.82,47.75,429.01,34.75,22.30,23.51,139.91,34.33,3363.00
10/1/2020,12.58,116.79,108.64,4.65,72.71,82.83,15.03,31.10,9.10,28.17,22.28,147.32,70.03,3.95,34.51,48.70,448.16,35.18,22.86,23.56,143.08,33.13,3380.80
10/2/2020,13.00,113.02,106.50,4.65,73.70,85.27,15.16,31.75,9.60,27.07,22.63,146.24,68.81,4.12,34.52,50.83,415.09,36.01,23.18,23.99,140.50,32.98,3348.42
10/5/2020,13.12,116.50,108.56,4.13,80.70,84.50,14.96,32.00,10.15,29.14,22.49,148.23,71.95,4.23,34.87,50.72,425.68,36.20,23.55,24.45,141.80,33.74,3408.60
10/6/2020,12.53,113.16,106.25,4.06,85.59,82.94,15.19,31.06,9.73,28.76,22.31,146.26,71.04,4.04,34.32,51.41,413.98,34.88,23.00,24.18,140.63,33.39,3360.97
10/7/2020,13.07,115.08,107.74,4.04,86.23,82.38,15.99,32.15,9.87,31.04,22.24,147.88,72.37,4.13,34.60,52.25,425.30,36.38,23.29,24.81,140.89,33.50,3419.44
10/8/2020,13.16,114.97,108.54,4.14,87.95,84.17,15.61,32.68,10.32,30.71,22.97,148.89,72.93,4.38,35.00,54.57,425.92,37.00,23.79,25.30,141.36,35.26,3446.83
10/9/2020,13.20,116.97,109.65,4.05,89.04,82.78,15.69,32.81,10.07,33.09,22.67,150.97,73.00,4.26,34.91,52.98,434.00,37.12,24.31,25.30,142.78,34.74,3477.14
10/12/2020,12.92,124.40,111.05,4.08,88.74,82.70,15.21,32.64,9.86,32.22,22.56,151.84,75.31,4.29,34.93,52.20,442.30,36.38,23.81,25.68,144.25,34.63,3534.22
10/13/2020,12.22,121.10,108.37,3.54,93.00,79.76,14.03,31.77,9.50,32.77,21.57,148.36,78.29,4.23,35.01,49.01,446.65,35.26,24.08,24.74,146.23,34.22,3511.93
10/14/2020,12.36,121.19,107.75,2.96,86.86,79.61,13.97,31.76,9.32,32.16,21.22,148.10,76.56,4.20,34.97,48.67,461.30,35.61,24.11,23.25,143.94,34.15,3488.67
10/15/2020,12.23,120.71,107.32,2.78,90.38,79.50,14.02,31.34,9.42,32.25,21.28,147.19,75.58,4.27,34.68,48.75,448.88,34.25,24.71,22.95,144.53,34.45,3483.34
10/16/2020,12.46,119.02,109.67,3.04,94.09,77.67,14.08,31.47,8.95,33.66,20.76,148.10,73.94,4.07,36.01,48.71,439.67,34.16,24.19,22.86,144.71,34.10,3483.81
10/19/2020,12.56,115.98,108.04,3.54,93.92,76.00,14.15,31.50,8.86,33.46,20.32,144.32,70.96,3.98,35.86,46.97,430.83,35.50,24.02,22.54,142.95,33.42,3426.92
10/20/2020,12.80,117.51,108.36,3.09,94.35,76.14,14.61,31.98,8.97,33.18,20.72,144.55,71.31,4.15,35.57,47.86,421.94,36.06,23.98,22.81,143.90,33.70,3443.12
10/21/2020,12.75,116.87,105.93,3.00,87.72,76.05,14.48,31.50,8.63,30.27,20.47,143.93,68.37,4.10,35.18,47.46,422.64,35.54,23.93,22.70,144.40,33.16,3435.56
10/22/2020,13.15,115.75,109.48,3.12,86.36,77.22,15.19,33.72,9.34,32.26,20.78,145.08,70.84,4.37,35.51,48.12,425.79,37.24,24.14,23.25,143.55,34.86,3453.49
10/23/2020,12.60,115.04,107.79,2.97,88.69,77.67,15.36,34.00,9.36,32.76,21.06,145.24,70.53,4.44,36.22,48.81,420.63,38.01,23.68,23.28,143.85,34.16,3465.39
10/26/2020,11.80,115.05,109.00,2.75,82.93,75.41,14.03,31.93,8.81,32.13,20.65,143.97,70.24,4.13,35.98,47.24,420.28,35.34,23.30,22.70,142.16,33.35,3400.97
10/27/2020,11.23,116.60,108.58,2.79,83.95,73.74,13.76,30.71,8.69,32.51,19.75,143.15,70.67,4.13,35.51,44.76,424.68,34.17,23.53,21.82,142.87,32.82,3390.68
10/28/2020,10.95,111.20,106.42,2.61,77.54,71.15,12.30,29.65,8.10,31.61,19.47,138.36,65.74,3.85,33.63,43.26,406.02,32.60,22.28,21.18,140.04,31.57,3271.03
10/29/2020,11.16,115.32,105.00,2.52,84.81,71.64,12.98,30.76,8.45,32.79,19.26,137.19,71.28,3.99,33.47,42.89,410.83,33.57,22.30,21.14,139.92,32.97,3310.11
10/30/2020,11.28,108.86,105.11,2.36,85.36,72.41,13.71,30.64,8.93,30.94,19.26,137.11,67.47,3.96,33.66,44.09,388.04,33.86,21.85,21.45,138.75,32.62,3269.96
11/2/2020,11.19,108.77,107.48,2.15,87.10,76.05,13.55,30.22,9.43,31.30,19.75,138.69,67.11,4.15,34.37,46.65,400.51,33.78,22.14,21.90,140.40,33.99,3310.24
11/3/2020,11.25,110.44,109.56,2.34,87.22,77.90,13.71,30.90,9.64,28.31,20.89,138.50,69.08,4.14,34.34,49.26,423.90,34.02,23.14,22.09,142.78,33.41,3369.16
11/4/2020,11.01,114.95,111.53,2.31,90.69,74.49,13.34,30.43,9.81,30.45,20.47,139.40,69.81,4.27,35.42,46.37,420.98,33.34,21.79,21.88,141.96,33.23,3443.44
11/5/2020,11.60,119.03,113.53,2.46,92.00,74.74,14.18,31.98,10.05,31.55,20.40,139.76,71.48,4.29,34.53,46.75,438.09,35.35,22.18,22.33,143.47,33.17,3510.45
11/6/2020,11.46,118.69,114.42,2.49,92.00,73.41,13.82,31.42,9.77,30.49,19.90,142.25,72.45,4.13,34.54,45.13,429.95,34.68,22.24,21.91,145.77,32.78,3509.44
11/9/2020,13.20,116.32,109.39,3.77,104.80,88.77,19.25,36.77,11.33,30.41,22.59,146.08,77.74,5.09,37.19,61.79,421.26,41.32,22.43,24.22,143.54,36.93,3550.50
11/10/2020,12.38,115.97,110.81,3.51,112.76,92.53,16.73,37.04,11.76,29.88,24.10,148.28,76.05,5.07,36.70,58.84,410.36,40.05,22.74,24.19,145.56,36.86,3545.53
11/11/2020,12.04,119.49,112.65,3.13,109.45,90.80,16.21,35.02,11.66,29.10,24.65,147.80,82.44,5.07,36.53,57.31,417.13,38.51,23.21,24.19,147.98,36.48,3572.66
11/12/2020,11.74,119.21,111.95,2.94,101.63,87.09,14.93,34.38,11.22,27.80,24.01,148.30,87.81,4.82,35.63,53.69,411.76,36.85,23.03,23.81,148.23,35.23,3537.01
11/13/2020,12.24,119.26,112.60,2.97,106.00,91.62,16.01,36.46,11.78,29.23,25.40,149.90,89.39,5.06,36.64,56.45,408.50,38.99,22.68,24.07,150.54,36.08,3585.15
11/16/2020,12.79,120.30,113.67,3.11,91.52,96.60,17.57,38.00,12.53,29.06,26.41,150.85,97.95,5.48,35.42,58.39,408.09,41.00,23.17,24.90,152.44,38.16,3626.91
11/17/2020,12.70,119.39,113.06,2.98,86.93,98.46,18.05,37.60,13.11,28.75,26.75,149.35,93.15,5.50,36.04,62.06,441.61,40.60,22.78,25.04,149.37,38.67,3609.53
11/18/2020,12.74,118.03,109.77,3.26,90.44,96.12,17.59,37.91,12.76,27.69,25.77,147.37,88.89,5.49,36.32,58.93,486.64,41.05,22.20,25.06,149.09,37.21,3567.79
11/19/2020,12.79,118.64,111.00,3.19,94.93,97.42,18.19,37.91,13.56,28.03,26.14,147.14,92.77,5.69,36.19,59.68,499.27,40.94,22.58,26.16,152.12,37.40,3581.87
11/20/2020,12.53,117.34,110.89,3.35,104.07,98.38,17.37,37.13,13.16,28.42,26.23,146.36,97.61,5.60,36.70,60.59,489.61,39.90,22.51,25.48,150.24,36.94,3557.54
11/23/2020,13.56,113.85,109.27,3.81,106.50,100.39,18.18,38.79,14.48,29.33,26.93,143.87,101.03,6.17,36.52,62.46,521.85,40.93,21.97,26.30,150.93,39.36,3577.59
11/24/2020,14.82,115.17,107.61,4.58,101.87,104.43,20.23,41.26,15.30,29.02,27.96,143.87,98.56,6.45,36.60,63.93,555.38,44.96,22.34,28.61,151.36,41.98,3635.41
11/25/2020,14.94,116.03,106.41,4.49,104.96,102.35,20.65,41.29,15.12,29.45,27.01,143.68,109.18,6.43,36.53,62.49,574.00,45.64,22.17,28.59,151.83,40.81,3629.65
11/27/2020,14.98,116.59,107.62,4.45,109.99,102.43,21.58,41.06,14.78,31.34,26.87,144.00,127.03,6.35,37.23,62.36,585.76,45.30,22.15,28.46,151.60,40.19,3638.35
11/30/2020,14.13,119.05,108.22,4.27,124.24,98.16,19.98,40.25,13.99,30.59,26.00,144.68,152.74,5.92,38.31,59.63,567.60,45.05,21.99,27.35,152.79,38.13,3621.63
12/1/2020,14.27,122.72,108.49,4.15,114.01,99.83,20.15,39.96,14.00,31.90,26.81,147.45,141.01,5.86,39.41,60.33,584.76,45.32,22.13,28.06,152.64,38.50,3662.45
12/2/2020,14.86,123.08,108.15,4.32,121.09,101.05,21.16,41.07,14.80,31.56,26.36,148.14,143.00,6.06,40.80,61.74,568.82,46.73,21.72,28.87,150.52,39.94,3669.01
12/3/2020,16.09,122.94,107.53,3.63,118.68,103.33,22.88,42.95,15.31,33.23,26.52,149.00,157.26,6.19,40.09,64.05,593.38,49.91,21.81,29.16,149.30,40.21,3666.72
12/4/2020,16.40,122.25,107.90,3.51,120.00,105.32,23.45,42.36,16.72,34.49,27.02,150.27,152.52,6.85,40.34,65.81,599.04,49.24,22.19,29.55,148.91,41.68,3699.12
12/7/2020,17.21,123.75,107.18,3.56,125.70,102.95,23.20,42.35,15.95,39.05,26.51,148.97,159.52,6.69,41.25,64.29,641.76,49.20,22.02,29.34,148.11,40.90,3691.96
12/8/2020,17.63,124.38,106.80,3.98,128.11,101.46,23.57,42.41,15.97,43.18,25.91,151.55,169.86,7.07,42.56,63.54,649.88,49.04,21.95,28.94,149.45,42.24,3702.25
12/9/2020,17.16,121.78,106.32,3.86,122.81,100.48,22.69,42.11,15.71,50.58,25.96,153.10,156.59,7.15,41.85,63.89,604.48,48.02,22.51,29.05,148.27,42.80,3672.82
12/10/2020,17.99,123.24,106.52,4.09,129.54,101.90,22.32,42.62,16.57,66.84,26.10,152.25,155.69,7.30,41.73,63.80,627.07,49.64,22.18,29.49,147.04,44.01,3668.10
12/11/2020,17.05,122.41,107.02,3.92,127.30,99.98,21.32,41.74,16.16,61.92,25.32,152.95,156.93,7.06,41.12,62.87,609.99,48.36,22.06,29.08,147.00,43.80,3663.46
12/14/2020,16.70,121.78,106.79,3.19,108.27,98.50,20.93,40.69,15.37,61.49,25.02,149.07,155.07,6.72,39.21,60.09,639.83,46.72,22.46,28.64,145.65,42.22,3647.49
12/15/2020,17.01,127.88,107.45,2.86,111.20,101.00,21.53,41.85,15.79,64.93,25.83,150.57,147.22,6.91,38.71,62.67,633.25,47.46,22.87,29.73,145.58,43.04,3694.62
12/16/2020,16.86,127.81,107.34,2.78,105.78,100.70,21.76,41.08,15.91,63.99,25.24,149.67,137.03,6.97,37.84,61.72,622.77,46.00,22.52,29.65,145.43,43.70,3701.17
12/17/2020,16.80,128.70,108.78,2.85,106.43,100.42,21.63,41.11,16.10,62.71,25.08,153.62,144.00,6.91,38.03,61.97,655.90,45.88,22.80,29.47,146.10,43.48,3722.48
12/18/2020,16.51,126.66,108.97,2.80,104.24,96.11,21.46,40.68,15.63,64.41,24.18,154.51,140.23,6.73,37.68,59.85,695.00,44.74,22.94,29.01,145.95,42.73,3709.41
12/21/2020,16.10,128.23,108.09,2.68,106.46,94.05,21.06,40.14,15.30,83.66,24.01,153.02,138.30,6.55,37.38,57.43,649.86,44.06,22.60,29.55,145.97,41.95,3694.92
12/22/2020,15.48,131.88,108.28,2.59,100.56,92.89,19.81,38.94,14.83,81.06,24.00,152.72,125.88,6.31,36.74,57.62,640.34,42.97,22.37,28.96,144.20,41.24,3687.26
12/23/2020,15.89,130.96,107.45,2.56,100.06,92.60,20.94,40.24,15.66,81.60,23.84,151.94,130.34,6.81,37.44,58.40,645.98,44.11,22.23,30.35,143.22,41.77,3690.01
12/24/2020,15.66,131.97,108.35,2.51,96.96,93.93,20.84,39.73,15.33,83.53,23.88,152.47,123.39,6.63,37.27,58.43,661.77,43.26,22.45,29.84,143.50,41.60,3703.06
12/28/2020,16.06,136.69,107.79,2.39,88.11,95.14,21.71,40.15,15.35,84.35,24.02,153.19,111.40,6.63,36.82,60.07,663.69,43.92,22.62,29.93,145.22,41.74,3735.36
12/29/2020,15.86,134.87,108.33,2.29,88.28,93.29,21.43,40.03,15.31,74.87,23.49,154.14,114.39,6.57,37.05,59.42,665.99,43.74,22.26,29.78,144.30,41.27,3727.04
12/30/2020,16.15,133.72,108.44,2.16,83.94,93.87,21.79,40.56,16.14,76.50,23.87,156.05,111.13,6.80,36.74,59.77,694.78,44.65,21.96,29.75,144.18,41.60,3732.04
12/31/2020,15.77,132.69,109.49,2.12,81.52,94.53,21.66,40.21,15.81,70.11,24.02,157.38,104.47,6.67,36.81,61.36,705.67,43.25,21.92,30.18,144.15,41.22,3756.07
1/4/2021,15.13,129.41,109.11,2.01,85.73,90.82,20.38,38.73,16.13,71.59,22.95,156.50,111.73,6.83,36.81,58.99,729.77,41.63,21.38,29.70,146.53,41.50,3700.65
1/5/2021,15.43,131.01,110.46,1.98,86.78,90.09,20.60,39.55,17.36,76.84,22.89,158.34,109.18,7.45,37.19,58.17,735.11,43.40,21.53,30.53,145.75,43.50,3726.86
1/6/2021,15.52,126.60,110.23,2.01,91.16,91.42,20.40,40.38,18.32,80.54,23.60,159.83,116.26,7.50,36.87,60.96,755.98,43.54,21.54,32.69,146.66,44.61,3748.14
1/7/2021,15.38,130.92,111.30,2.05,93.69,90.25,20.74,40.23,18.57,89.66,23.45,160.37,115.09,7.69,37.06,61.28,816.04,43.62,21.11,33.43,146.65,44.96,3803.79
1/8/2021,15.13,132.05,111.61,2.14,100.39,90.04,20.47,40.02,18.11,90.58,23.48,160.04,112.75,7.55,37.13,62.04,880.02,43.29,21.51,33.19,146.63,45.46,3824.68
1/11/2021,15.00,128.98,110.84,2.20,108.90,89.59,20.14,39.41,18.33,76.94,23.24,159.37,117.26,7.64,37.77,61.52,811.19,42.70,21.13,33.24,147.29,46.84,3799.61
1/12/2021,15.38,128.80,108.84,2.29,105.45,91.46,20.13,40.30,19.71,75.00,23.60,158.13,124.55,8.39,37.18,62.42,849.44,44.08,20.80,33.94,148.97,47.88,3801.19
1/13/2021,15.53,130.89,112.15,2.18,102.61,92.09,20.10,40.45,19.13,73.30,24.58,157.89,124.06,8.04,36.86,63.98,854.41,44.43,20.59,33.80,147.45,48.42,3809.84
1/14/2021,16.44,128.91,110.04,2.18,105.85,94.55,20.92,41.47,20.28,75.92,25.29,160.65,129.72,8.67,36.75,63.93,845.00,46.29,20.86,34.75,146.97,50.31,3795.54
1/15/2021,15.76,127.14,111.30,2.33,101.59,95.15,20.79,39.98,19.57,76.14,25.29,160.30,129.65,8.25,36.70,64.02,826.16,43.89,21.65,32.04,144.64,47.89,3768.25
1/19/2021,15.97,127.83,112.57,3.06,104.70,93.29,20.87,40.31,20.00,72.11,25.13,162.78,125.01,8.57,36.73,62.94,844.55,44.75,21.78,32.63,143.39,48.84,3798.91
1/20/2021,16.17,132.03,112.89,2.97,103.23,93.56,20.78,41.62,19.97,71.76,25.08,162.38,125.14,8.62,36.50,63.93,850.45,45.18,21.46,32.46,145.51,49.53,3851.85
1/21/2021,15.83,136.87,112.95,2.98,105.43,91.98,20.74,40.67,18.39,63.79,24.39,161.73,132.98,8.25,36.48,63.02,844.99,42.59,21.24,32.00,144.85,48.11,3853.07
1/22/2021,15.82,139.07,112.84,3.51,108.44,91.30,20.22,40.00,17.80,65.76,23.87,163.55,131.02,8.15,36.55,62.85,846.64,42.14,20.85,31.90,146.33,47.43,3841.47
1/25/2021,15.43,142.92,114.72,4.42,110.61,91.28,19.22,38.90,17.37,65.47,23.71,165.98,147.00,7.82,37.28,63.23,880.80,40.38,20.75,32.24,146.20,46.90,3855.36
1/26/2021,15.53,143.16,114.73,4.96,106.29,92.72,18.72,39.32,16.85,60.68,24.03,170.48,151.93,7.47,37.31,65.43,883.09,41.25,21.07,31.38,147.51,45.87,3849.62
1/27/2021,16.56,142.06,114.29,19.90,105.97,89.72,18.98,38.52,17.21,60.50,23.28,167.88,155.73,7.54,36.24,66.50,864.16,40.91,20.66,30.17,143.84,45.35,3750.77
1/28/2021,18.10,137.09,120.39,8.63,110.00,91.92,19.74,40.08,17.20,61.13,23.80,169.16,159.55,7.56,35.86,67.45,835.43,42.55,20.63,30.81,143.75,46.06,3787.38
1/29/2021,17.17,131.96,123.59,13.26,116.94,91.27,18.67,37.96,16.46,61.35,23.44,163.13,173.16,7.24,35.90,67.48,793.53,39.99,20.40,29.88,140.49,44.84,3714.24
2/1/2021,16.84,134.14,122.54,13.30,116.10,90.23,18.80,37.82,16.76,62.89,23.47,162.71,157.48,7.34,35.80,65.91,839.81,39.94,20.43,29.99,139.27,44.92,3773.86
2/2/2021,16.59,134.99,120.24,7.82,114.76,90.50,19.45,38.80,16.96,65.67,23.68,161.25,158.58,7.38,34.99,64.12,872.79,40.83,20.69,30.75,140.77,45.63,3826.31
2/3/2021,17.60,133.94,120.22,8.97,118.02,91.02,20.44,39.78,18.20,62.16,24.37,160.50,165.86,7.80,34.84,63.67,854.69,42.04,20.74,31.70,141.20,47.42,3830.17
2/4/2021,17.40,137.39,119.74,7.09,117.56,92.42,21.05,40.93,18.15,63.18,24.27,161.99,173.31,7.81,34.89,63.10,849.99,42.41,21.07,32.66,142.53,48.33,3871.74
2/5/2021,17.19,136.76,124.03,6.83,117.57,92.12,21.31,41.15,17.90,64.06,24.73,164.45,176.24,7.94,34.92,63.75,852.23,42.14,21.24,32.56,144.36,49.95,3886.83
2/8/2021,17.77,136.91,124.50,6.18,119.50,95.35,21.61,43.24,18.75,69.75,25.15,164.92,185.98,8.98,34.82,64.46,863.42,44.35,20.75,33.40,145.03,52.10,3915.59
2/9/2021,17.44,136.01,125.15,5.50,117.53,95.98,21.05,42.51,18.87,66.73,24.87,166.27,179.52,8.89,34.97,64.65,849.46,43.32,21.07,33.26,145.83,50.63,3911.23
2/10/2021,17.41,135.39,125.29,5.80,119.35,94.67,20.93,42.90,19.73,59.11,25.08,166.81,179.34,9.09,34.74,65.62,804.82,43.78,21.08,33.20,144.13,51.12,3909.88
2/11/2021,16.99,135.13,126.84,5.61,118.03,94.93,20.72,42.72,19.30,57.17,24.70,166.06,183.44,8.75,34.43,64.64,811.66,43.44,20.87,32.72,144.02,49.84,3916.38
2/12/2021,17.27,135.37,128.23,5.59,117.56,94.10,20.60,43.29,19.98,57.94,24.36,166.58,183.74,8.97,34.72,64.99,816.12,43.94,21.04,33.53,144.47,50.52,3934.83
2/16/2021,17.82,133.19,128.02,5.65,114.38,92.72,22.47,44.65,20.87,56.45,23.96,165.07,178.53,9.55,34.69,62.59,796.22,45.71,20.70,34.79,145.66,52.04,3932.59
2/17/2021,17.99,130.84,127.24,5.55,113.56,92.75,23.20,44.39,21.73,56.51,24.15,165.66,176.76,9.58,34.89,61.52,798.15,46.08,20.44,36.59,147.20,52.85,3931.33
2/18/2021,17.71,129.71,125.41,5.51,112.65,91.67,22.89,44.38,20.54,55.36,23.99,165.74,169.57,9.12,34.56,60.06,787.38,44.96,20.83,36.96,137.66,52.02,3913.97
2/19/2021,18.68,129.87,123.04,5.70,115.69,92.24,24.59,45.67,20.83,56.49,24.21,162.98,174.74,9.45,34.44,62.16,781.30,48.03,20.66,37.83,138.34,52.37,3906.71
2/22/2021,20.44,126.00,122.55,6.55,114.60,96.46,25.97,47.74,21.25,52.42,25.24,161.87,159.37,10.20,34.26,66.70,714.50,49.70,20.30,37.26,137.69,54.30,3876.50
2/23/2021,20.66,125.86,120.80,7.70,111.97,101.14,26.46,48.34,21.59,49.14,25.97,160.44,150.17,11.16,33.91,68.45,698.84,50.61,20.21,37.14,135.47,55.05,3881.37
2/24/2021,21.82,125.35,122.38,9.09,114.17,104.69,27.01,49.60,22.27,49.70,26.65,162.59,144.79,11.84,33.75,71.26,742.02,54.96,20.43,38.29,133.21,56.70,3925.43
2/25/2021,20.86,120.99,121.58,8.29,112.33,102.72,25.47,48.25,21.35,44.76,26.29,162.76,148.38,11.30,33.82,67.46,682.22,51.78,20.06,37.56,131.95,55.76,3829.34
2/26/2021,20.94,121.26,119.78,8.01,109.03,99.13,26.75,47.94,21.54,43.86,25.59,158.46,154.81,11.10,33.49,69.07,675.50,52.68,20.43,36.17,129.92,54.37,3811.15
3/1/2021,21.18,127.79,122.21,9.18,110.21,101.29,26.31,48.06,22.40,46.89,26.53,159.32,157.40,11.20,33.69,71.45,718.43,53.31,21.28,37.09,131.37,56.40,3901.82
3/2/2021,21.44,125.12,122.53,8.93,104.98,101.39,27.59,48.23,22.48,45.69,25.84,159.02,146.81,11.23,33.51,70.51,686.44,53.21,21.30,37.14,130.11,56.07,3870.29
3/3/2021,22.17,122.06,119.18,8.58,97.25,104.54,28.67,48.35,22.69,43.13,26.38,156.22,131.22,11.63,34.39,72.66,653.20,54.57,20.12,37.69,127.59,56.52,3819.72
3/4/2021,21.24,120.13,116.01,8.03,95.15,100.92,27.40,46.96,23.62,40.36,25.86,153.07,132.30,12.36,34.20,71.42,621.44,52.05,19.38,37.16,127.53,58.71,3768.47
3/5/2021,20.45,121.42,117.25,8.05,96.20,102.26,26.09,46.21,25.61,41.63,26.28,156.10,132.19,12.98,34.39,72.54,597.95,50.52,19.66,37.43,129.12,60.93,3841.94
3/8/2021,21.47,116.36,115.63,9.29,90.29,107.80,26.69,47.88,24.57,40.54,27.56,157.40,123.47,12.38,34.35,75.77,563.00,54.06,20.71,38.67,127.88,60.87,3821.35
3/9/2021,21.60,121.09,116.70,10.50,96.48,105.77,27.58,47.62,23.83,45.33,27.32,157.70,130.87,12.00,34.45,74.98,673.58,53.43,20.12,38.13,128.89,59.93,3875.44
3/10/2021,21.75,119.98,115.88,9.85,98.02,106.51,26.70,47.80,23.90,46.66,28.00,159.15,129.75,12.22,34.93,74.43,668.06,53.92,20.47,39.58,132.18,61.77,3898.81
3/11/2021,22.15,121.96,117.52,10.28,102.60,107.29,27.47,48.32,24.64,47.32,27.89,159.14,140.47,12.51,34.71,75.44,699.60,54.06,20.27,38.88,132.13,61.31,3939.34
3/12/2021,23.37,121.03,116.71,11.16,103.28,108.59,28.46,49.83,24.25,46.28,28.35,159.60,136.99,12.20,34.94,77.76,693.73,56.29,20.51,39.97,134.12,61.97,3943.34
3/15/2021,25.17,123.99,118.10,14.04,107.88,107.04,29.79,50.99,24.61,47.97,28.43,160.42,143.66,12.05,35.41,76.47,707.94,60.94,21.54,39.70,133.43,60.39,3968.94
3/16/2021,24.47,125.57,118.22,13.02,108.10,106.02,28.25,49.39,23.51,45.67,28.27,161.37,156.02,11.46,35.83,74.01,676.88,59.81,20.69,39.35,133.39,59.11,3962.71
3/17/2021,25.16,124.76,117.62,13.56,106.66,106.11,28.93,50.44,23.68,46.57,28.25,160.77,147.55,11.66,35.79,75.49,701.81,62.45,20.93,39.84,132.28,59.37,3974.12
3/18/2021,24.70,120.53,118.11,14.00,103.65,105.69,28.27,49.18,22.36,43.25,28.04,160.47,141.46,10.68,35.77,75.11,653.16,60.82,20.53,40.81,130.01,56.81,3915.46
3/19/2021,24.97,119.99,120.25,13.93,107.59,104.39,28.96,49.00,22.70,45.00,27.53,160.04,143.74,11.02,35.53,73.96,654.87,60.77,20.65,39.63,131.74,56.49,3913.10
3/22/2021,23.83,123.39,121.47,12.49,107.00,102.44,27.48,47.97,22.33,48.48,27.33,160.50,145.60,10.83,36.00,72.21,670.00,58.33,20.72,38.97,132.37,55.91,3940.59
3/23/2021,22.27,122.54,120.49,10.66,100.11,102.25,25.33,45.64,21.74,46.08,27.13,160.35,136.52,10.17,35.36,71.07,662.16,54.36,20.73,38.24,133.94,55.22,3910.52
3/24/2021,21.81,120.09,118.02,9.02,94.05,102.75,24.85,45.61,22.34,40.99,27.04,161.91,131.61,10.44,35.61,70.02,630.27,53.83,20.60,38.12,133.11,56.34,3889.14
3/25/2021,22.77,120.59,119.05,10.94,95.13,104.67,25.85,47.01,22.35,42.18,27.34,161.97,133.33,10.53,35.67,70.75,640.39,56.05,20.70,39.30,134.01,56.18,3909.52
3/26/2021,22.93,121.21,122.07,10.24,95.76,107.07,26.06,47.66,22.74,40.48,27.99,164.93,133.28,11.09,36.25,72.31,618.71,56.83,20.74,39.76,135.13,57.71,3974.54
3/29/2021,22.91,121.39,122.23,10.35,95.91,103.08,25.63,47.32,21.85,39.71,27.83,166.04,123.42,10.90,36.62,71.37,611.29,56.20,20.52,38.44,136.67,57.40,3971.09
3/30/2021,24.12,119.90,119.75,10.35,104.44,103.01,26.65,48.90,22.00,40.50,27.86,165.01,118.49,10.98,36.11,72.19,635.62,58.21,20.44,39.39,135.74,56.69,3958.55
3/31/2021,23.90,122.15,119.84,10.21,109.19,101.26,26.54,48.28,21.85,42.00,27.13,164.35,130.95,10.68,36.23,69.99,667.93,57.54,20.26,39.07,135.83,55.83,3972.89
4/1/2021,23.86,123.00,118.94,9.36,113.87,104.26,26.86,48.83,23.50,42.83,27.87,162.83,132.55,11.79,36.30,72.44,661.75,57.82,20.74,39.63,135.62,57.39,4019.87
4/5/2021,24.23,125.90,119.86,10.61,115.37,104.02,28.11,50.25,22.46,42.86,27.81,163.43,129.91,11.19,36.28,72.08,691.05,59.29,20.73,39.48,139.43,56.50,4077.91
4/6/2021,24.06,126.21,119.97,10.20,117.15,104.26,28.60,51.65,22.78,42.64,28.06,163.39,133.53,11.14,36.05,73.17,691.62,59.48,21.38,39.85,140.10,56.34,4073.94
4/7/2021,23.93,127.90,120.11,9.85,113.32,104.70,29.00,50.20,22.52,40.40,28.10,163.61,131.47,10.94,35.91,72.36,670.97,59.57,21.46,39.99,139.80,56.59,4079.95
4/8/2021,23.65,130.36,119.78,9.79,114.49,103.87,28.56,49.81,22.34,40.76,27.98,162.97,133.88,10.90,35.96,71.43,683.80,59.43,21.53,40.03,139.71,56.00,4097.17
4/9/2021,23.54,133.00,120.90,9.42,122.14,104.74,29.30,49.27,22.04,39.46,28.06,161.25,140.92,10.91,36.60,72.20,677.02,58.43,21.29,40.50,139.78,55.87,4128.80
4/12/2021,22.91,131.24,121.04,8.62,121.52,105.19,27.75,48.82,21.88,39.51,28.14,161.64,139.40,10.77,36.97,71.98,701.98,56.16,21.73,40.77,139.80,55.50,4127.99
4/13/2021,22.56,134.43,123.01,8.84,129.64,105.60,27.82,48.26,21.69,41.66,28.08,159.48,149.71,10.76,37.16,71.36,762.32,56.66,21.71,39.79,139.37,55.71,4141.59
4/14/2021,22.37,132.03,121.50,9.35,132.60,105.71,27.94,48.17,22.49,41.53,27.84,159.92,160.03,11.09,37.17,69.52,732.23,56.92,22.02,41.99,139.32,57.32,4124.66
4/15/2021,22.13,134.50,123.94,9.90,140.72,105.48,27.32,46.82,22.37,40.98,27.88,160.39,159.87,10.84,37.60,70.64,738.85,56.12,22.28,42.24,140.16,56.98,4170.42
4/16/2021,22.03,134.16,124.35,9.33,151.54,105.44,27.03,46.64,21.88,34.67,27.78,162.24,170.81,10.53,38.57,71.20,739.78,55.87,22.47,43.84,140.61,56.66,4185.47
4/19/2021,21.55,134.84,124.53,9.66,149.48,106.15,26.89,46.15,22.03,34.17,27.76,162.69,161.91,10.63,38.93,71.56,714.63,54.99,22.62,43.88,139.71,56.48,4163.26
4/20/2021,20.37,133.11,120.00,9.28,156.18,106.13,25.72,44.45,20.97,34.47,27.78,166.48,156.78,10.11,39.03,70.14,718.99,50.30,22.77,42.54,140.79,55.29,4134.94
4/21/2021,21.01,133.50,122.60,9.78,161.80,107.40,27.33,45.70,21.17,35.86,27.95,166.59,169.50,10.44,39.53,71.42,744.12,51.86,22.35,43.24,141.20,56.00,4173.42
4/22/2021,20.07,131.94,123.50,9.99,168.95,106.00,26.91,44.65,21.00,36.29,27.27,165.18,168.10,10.33,38.64,69.55,719.69,51.03,22.62,42.70,139.67,55.27,4134.98
4/23/2021,21.11,134.32,123.31,10.16,173.00,106.05,27.27,45.80,21.44,36.91,27.41,165.52,173.63,10.67,38.66,71.25,729.40,53.11,22.60,43.86,139.90,55.57,4180.17
4/26/2021,22.04,134.72,122.58,11.50,174.65,107.33,27.55,46.61,21.87,39.08,27.94,164.12,177.61,10.78,38.68,72.51,738.20,53.78,22.21,44.14,137.91,55.68,4187.62
4/27/2021,21.76,134.39,121.70,11.46,172.84,108.10,27.81,46.34,22.14,39.15,27.93,163.18,183.41,11.04,38.45,74.01,704.74,53.48,22.28,45.09,138.38,56.41,4186.72
4/28/2021,21.70,133.58,121.45,10.85,175.77,107.54,27.80,46.44,24.03,38.92,27.97,161.98,178.68,11.75,38.81,74.42,694.40,53.55,22.27,45.08,137.89,58.11,4183.18
4/29/2021,21.30,133.48,121.01,10.20,179.65,109.42,27.21,46.38,24.07,37.37,28.10,164.20,175.67,11.73,38.60,75.01,677.00,53.69,22.62,46.24,139.63,58.94,4211.47
4/30/2021,21.72,131.46,120.08,10.03,188.28,109.35,27.96,46.92,23.38,37.01,28.11,162.73,178.82,11.26,38.65,74.01,709.44,54.40,22.57,45.05,139.91,57.24,4181.17
5/3/2021,21.95,132.54,119.53,9.71,208.90,108.08,27.93,46.57,23.62,35.59,27.66,165.21,186.02,11.13,39.83,72.95,684.90,54.46,22.80,45.48,142.12,58.82,4192.66
5/4/2021,21.42,127.85,117.54,9.39,176.88,108.42,26.68,44.66,23.45,34.66,28.05,167.77,173.59,11.32,39.95,74.41,673.60,52.80,22.90,45.74,140.72,59.19,4164.66
5/5/2021,21.57,128.10,118.51,9.17,170.77,106.19,26.52,45.20,25.23,34.72,27.20,167.07,162.84,11.70,39.97,71.41,670.94,53.27,22.64,45.94,140.60,60.97,4167.59
5/6/2021,21.49,129.74,118.79,9.00,168.00,107.51,25.95,44.93,25.27,34.34,27.27,167.74,160.50,11.50,39.19,72.67,663.54,53.05,22.80,46.63,141.05,61.55,4201.62
5/7/2021,22.00,130.21,118.95,9.51,183.71,108.16,26.76,46.11,26.22,34.11,27.67,168.50,163.15,11.89,39.58,72.92,672.37,54.73,22.80,46.54,140.20,62.43,4232.60
5/10/2021,22.00,126.85,118.94,9.74,202.35,108.21,26.27,45.43,26.01,31.29,27.48,170.27,158.55,11.65,39.86,72.47,629.04,54.03,22.73,46.60,140.82,62.58,4188.43
5/11/2021,21.57,125.91,118.39,10.05,198.02,107.59,25.88,44.52,25.74,32.80,27.35,168.88,158.99,11.49,39.35,72.56,617.20,52.70,22.80,45.72,139.55,60.59,4152.10
5/12/2021,20.76,122.77,116.35,10.32,186.13,103.81,24.78,43.03,25.58,31.72,26.45,168.20,152.68,11.54,39.69,70.58,589.89,51.01,22.48,45.64,135.94,60.04,4063.04
5/13/2021,21.21,124.97,117.45,12.77,180.79,106.01,25.12,43.97,24.75,31.40,26.83,169.96,149.87,11.07,40.10,70.84,571.69,52.43,22.51,46.40,138.24,59.30,4112.50
5/14/2021,22.40,127.45,118.31,12.98,192.77,108.20,27.20,46.31,26.38,33.22,26.97,170.22,161.38,11.80,40.02,72.27,589.74,55.28,23.40,46.96,139.52,60.77,4173.85
