t,I,Type
0.11,0.564,A
0.05,0.55819,A
0.09,0.52902,A
0.32,0.67121,A
0.45,0.81738,A
0.47,0.86346,A
0.11,0.56842,A
0.07,0.57412,A
0.24,0.56203,A
0.45,0.62594,A
0.15,1.00958,A
0.08,0.539,A
0.24,0.9157,A
0.55,0.86322,A
0.35,0.98465,A
0.4,0.92533,A
0.15,0.53745,A
0.49,0.55307,A
0.06,0.54073,A
0.67,1.06888,A
0.9,0.89136,A
0.65,0.58495,A
0.43,0.85128,A
0.34,0.89261,A
0.29,0.80146,A
0.76,0.87969,A
1.01,0.95457,A
0.43,0.58363,A
0.52,0.75018,A
0.51,0.90216,A
0.5,0.8625,A
0.45,1.52111,A
0.61,0.95095,A
0.99,0.90323,A
0.47,0.81292,A
0.84,0.83443,A
0.87,1.00562,A
0.7,0.88217,A
0.78,0.88914,A
0.75,1.03294,A
0.5,0.83178,A
0.53,0.77193,A
0.5,0.85466,A
0.31,0.95214,A
0.1,1.19591,A
0.58,0.80587,A
0.51,0.88545,A
0.53,0.78688,A
0.37,0.84629,A
0.55,0.64668,A
0.69,0.78531,A
0.16,0.7062,A
0.5,0.89915,A
0.48,0.90342,A
0.6,0.78855,A
0.55,0.77653,A
0.61,0.79336,A
0.88,1.02123,A
0.29,0.82382,A
0.62,0.72105,A
0.35,0.73944,A
0.35,0.9004,A
0.2799,0.8138,A
0.26,0.80469,A
0.32,0.86483,A
0.29,0.6321,A
0.43,1.01702,A
0.93,0.84614,A
0.54,0.97129,A
1.07,0.92626,A
1.08,0.98222,A
0.79,0.81408,A
0.97,1.02695,A
0.91,0.97175,A
0.41,0.78039,A
0.19,0.53698,A
0.11,0.55929,A
0.4401,0.55553,A
1.0401,0.91929,A
0.44,0.83641,A
0.17,0.83466,A
0.3,0.89446,A
0.38,0.90794,A
0.8301,0.91027,A
0.94,0.87961,A
0.76,0.99353,A
0.4,1.0293,A
0.3499,0.96189,A
0.51,0.89849,A
0.2,0.72172,A
0.0801,0.57492,A
0.71,0.78184,A
0.13,0.56314,A
0.33,0.69649,A
0.53,0.75849,A
0.73,1.04076,A
1.14,0.91451,A
0.68,0.8772,A
0.78,0.91843,A
0.42,0.9229,A
0.43,0.79085,A
0.57,0.79392,A
0.42,0.91163,A
0.5199,0.7967,A
0.62,0.84715,A
0.28,0.87853,A
0.4199,0.8744,A
0.56,0.90141,A
0.56,0.84262,A
0.0801,0.59456,A
0.4,0.8406,A
0.81,1.01037,A
0.22,0.88159,A
0.35,0.8194,A
0.87,0.91952,A
0.81,0.99009,A
0.98,0.63938,A
0.78,0.86974,A
1.11,0.95188,A
1.06,1.06228,A
1.14,0.97941,A
0.67,0.82858,A
0.25,0.92113,A
0.92,0.95292,A
0.68,0.85905,A
0.65,0.94161,A
0.69,0.92852,A
0.6999,0.80923,A
0.54,0.84193,A
0.93,0.75591,A
0.5499,0.8836,A
0.53,0.903,A
0.23,0.86058,A
0.47,0.80299,A
0.6401,0.88442,A
0.28,0.72783,A
0.44,0.85636,A
0.26,0.86562,A
0.6201,0.76897,A
0.09,0.57212,A
0.19,0.7692,A
0.14,0.81469,A
0.24,0.84061,A
0.23,0.71414,A
0.22,0.93768,A
0.3299,0.7573,A
0.2001,0.72873,A
0.31,0.91689,A
0.22,0.85928,A
0.22,0.73861,A
0.64,0.69457,A
0.69,0.79846,A
0.81,0.89093,A
0.5399,0.83089,A
0.7799,0.76348,A
0.48,0.72734,A
0.08,0.5853,A
0.36,0.90573,A
0.42,0.78547,A
0.64,0.68853,A
0.79,0.81336,A
0.35,0.81419,A
0.9599,0.93109,A
0.9099,0.69144,A
0.88,0.9346,A
0.5699,0.84354,A
0.1901,0.91162,A
0.3,0.82225,A
0.1001,0.56353,A
0.53,0.74108,A
0.5,0.87682,A
0.1099,0.58074,A
0.83,0.87607,A
0.6899,0.85418,A
0.53,0.83743,A
0.5699,0.79915,A
0.5601,0.89042,A
0.3599,0.80345,A
0.39,0.82916,A
0.25,0.92947,A
0.1801,0.96593,A
0.05,0.69853,A
0.1801,1.00445,A
0.1201,0.88755,A
0.0999,0.92932,A
0.05,0.6403,A
0.16,1.02036,A
0.0999,0.84855,A
0.11,0.87579,A
0.1501,0.84762,A
0.0901,0.67752,A
0.1499,0.77531,A
0.08,0.81338,A
0.1399,1.02211,A
0.1299,0.94264,A
0.0899,0.90114,A
0.06,0.67212,A
0.11,0.91654,A
0.1099,0.89756,A
0.1401,0.91123,A
0.13,0.97556,A
0.1799,0.74176,A
0.1,0.81541,A
0.26,0.99295,A
0.41,0.89568,A
0.4201,0.89632,A
0.36,0.93038,A
0.36,0.71771,A
0.77,0.85613,A
0.53,0.80203,A
0.08,0.54771,A
0.9199,0.86791,A
0.1399,0.64665,A
0.2801,0.87979,A
0.36,0.79429,A
0.4701,0.79472,A
0.28,0.73962,A
0.3701,0.78595,A
0.0901,0.56011,A
0.4301,0.83084,A
0.46,0.89759,A
0.3201,0.85731,A
0.72,0.93119,A
0.48,0.94671,A
0.6099,0.82601,A
0.26,1.04762,A
0.6699,0.88974,A
0.18,0.99028,A
0.51,0.80911,A
0.3499,0.78405,A
0.57,0.59991,A
0.29,0.97579,A
0.1701,0.73573,A
0.53,0.89251,A
0.6399,0.90796,A
0.45,0.97416,A
0.5,0.65514,A
0.25,0.9734,A
0.26,1.01601,A
0.33,0.96535,A
0.3399,1.03512,A
0.3899,1.02293,A
0.3101,0.87442,A
0.25,0.93272,A
0.18,0.99983,A
0.22,0.90548,A
0.11,0.64488,A
0.27,0.89617,A
0.39,0.89381,A
0.33,1.02483,A
0.29,0.89622,A
0.5,0.90885,A
0.42,0.82952,A
0.31,0.90003,A
0.3,0.94295,A
0.33,1.01871,A
0.3,1.02277,A
0.4199,0.87172,A
0.63,0.84624,A
0.4,0.96323,A
0.52,0.91821,A
0.5,0.91139,A
0.79,0.90319,A
0.21,0.97474,A
0.32,0.90622,A
0.4299,0.97705,A
0.3401,0.97607,A
0.8001,0.79287,A
0.6001,0.69742,A
0.5701,0.92364,A
0.55,0.62391,A
0.8,0.83145,A
0.22,0.95058,A
0.5099,0.73928,A
0.1301,0.70077,A
0.3,0.80291,A
0.3702,0.87822,A
0.25,0.86564,A
0.3001,0.93192,A
0.2399,1.00656,A
0.19,0.96376,A
0.2598,0.97258,A
0.2002,0.90976,A
0.6198,0.59892,A
0.4202,0.80593,A
0.25,0.83642,A
0.27,0.83832,A
0.38,0.84498,A
0.2901,0.78027,A
0.2302,0.85654,A
0.7698,0.71256,A
0.1999,0.83258,A
0.1502,0.59485,A
0.33,0.76408,A
0.8202,0.84537,A
0.6099,0.83516,A
0.0502,0.54841,A
0.6998,0.73382,A
0.3599,0.77003,A
0.46,0.83547,A
0.3199,0.86412,A
0.24,0.63088,A
0.9399,0.75231,A
1.15,0.82569,A
0.8701,0.82476,A
0.1401,0.64859,A
0.9399,0.76592,A
0.8799,0.62536,A
0.0698,0.60724,A
0.07,0.63262,A
0.13,0.73458,A
0.1699,0.74325,A
0.3498,0.81142,A
0.18,0.95168,A
0.2602,0.81764,A
0.0502,0.54803,A
0.19,0.79719,A
0.29,0.80817,A
0.34,0.84565,A
0.49,0.728,A
0.54,0.83121,A
0.25,0.88526,A
0.3395,0.84616,A
0.1201,0.70458,A
0.25,0.76121,A
0.449,0.8293,A
0.2095,0.87268,A
0.2207,0.66801,A
0.591,0.82545,A
0.2705,0.8422,A
0.5995,0.71761,A
0.7305,0.74189,A
0.76,0.87218,A
0.5304,0.81484,A
0.0607,0.60742,A
0.5602,0.77146,A
0.2595,0.85911,A
0.6795,0.77175,A
0.3095,0.84402,A
0.2693,0.90512,A
0.3705,0.7943,A
0.4103,0.70245,A
0.2599,0.78836,A
0.569,0.73438,A
0.8605,0.77267,A
0.2997,0.72525,A
0.71,0.76427,A
0.6907,0.9216,A
0.5598,0.66133,A
0.489,0.85225,A
0.6506,0.86927,A
0.71,1.03102,A
0.75,0.69642,A
0.431,0.5761,A
0.6795,0.60682,A
0.75,0.65336,A
0.92,0.65515,A
0.4707,0.74566,A
0.67,0.677,A
0.1405,0.54264,A
0.0497,0.5155,A
0.0605,0.54031,A
0.4305,0.56456,A
0.1407,0.93589,A
0.5606,0.81062,A
0.25,0.83899,A
0.25,0.89911,A
0.2402,0.99688,A
0.329,0.84214,A
0.1395,0.58359,A
0.2305,0.89149,A
0.4295,0.79456,A
0.5606,0.88234,A
0.0702,0.62355,A
0.02,0.35371,C
0.2,0.67632,C
0.72,0.74974,C
0.2,0.42393,C
0.3,0.39823,C
0.07,0.44864,C
0.72,0.79671,C
0.24,0.40099,C
0.07,0.41629,C
0.26,0.42645,C
0.05,0.3968,C
0.18,0.45936,C
0.1,0.392,C
0.2,0.39743,C
0.58,0.76294,C
0.25,0.44396,C
0.42,0.53273,C
0.22,0.42303,C
0.13,0.42688,C
0.08,0.39149,C
0.05,0.38653,C
0.25,0.39889,C
0.07,0.39824,C
0.05,0.39097,C
0.06,0.36618,C
0.09,0.45794,C
0.05,0.41269,C
0.05,0.44613,C
0.05,0.3725,C
0.06,0.38841,C
0.05,0.39734,C
0.11,0.40229,C
0.33,0.66486,C
0.53,0.69707,C
0.05,0.4066,C
0.15,0.40449,C
0.05,0.38269,C
0.06,0.38834,C
0.41,0.59945,C
0.54,0.69184,C
0.08,0.38067,C
0.19,0.37188,C
0.18,0.39183,C
0.1,0.40385,C
0.42,0.70597,C
0.06,0.4116,C
0.06,0.39396,C
1.6101,0.55411,C
0.5801,0.43186,C
0.25,0.44709,C
0.05,0.42201,C
0.5601,0.47205,C
0.12,0.37081,C
0.06,0.43029,C
0.3699,0.43879,C
0.8799,0.6308,C
0.24,0.4247,C
0.59,0.44377,C
0.5,0.7179,C
0.47,0.77461,C
0.0799,0.37415,C
0.38,0.75222,C
0.1499,0.39917,C
0.4499,0.47377,C
0.65,0.43725,C
0.1,0.37438,C
0.4299,0.43175,C
0.63,0.43236,C
0.27,0.4516,C
0.37,0.46982,C
0.29,0.43148,C
0.8901,0.47708,C
0.0501,0.37266,C
0.61,0.48109,C
0.5599,0.43381,C
0.0699,0.42113,C
0.1102,0.46357,C
0.57,0.43111,C
0.7898,0.4354,C
0.0601,0.38929,C
0.5098,0.43501,C
0.8599,0.45787,C
0.0698,0.41558,C
0.8202,0.49228,C
0.6299,0.43063,C
0.73,0.50493,C
0.6799,0.50476,C
0.9698,0.65798,C
0.09,0.46233,C
0.6799,0.45477,C
0.9002,0.49858,C
0.0699,0.38674,C
0.0699,0.41003,C
0.46,0.65617,C
0.08,0.45379,C
0.4098,0.48045,C
0.45,0.44689,C
0.06,0.3904,C
0.5299,0.43001,C
0.4698,0.46566,C
0.0502,0.43892,C
0.89,0.47872,C
0.08,0.41449,C
0.4702,0.46617,C
0.5502,0.44258,C
0.7399,0.74403,C
0.4902,0.43323,C
0.7802,0.50957,C
0.73,0.45283,C
0.3802,0.43692,C
0.2196,0.48874,C
0.0895,0.41355,C
0.8195,0.46154,C
0.1398,0.40028,C
0.9793,0.86559,C
0.6299,0.48053,C
0.5293,0.40142,C
0.2804,0.39631,C
0.3705,0.45724,C
0.0801,0.37587,C
0.62,0.47754,C
0.051,0.39308,C
0.2405,0.43375,C
0.0607,0.41117,C
0.0497,0.40369,C
0.0606,0.3795,C
0.3498,0.4456,C
0.7,0.46183,C
0.1495,0.39794,C
0.091,0.3785,C
0.37,0.41433,C
0.1005,0.39535,C
0.5998,0.48837,C
0.5302,0.46545,C
0.9902,0.53422,C
0.7,0.4344,C
0.3605,0.39344,C
0.7003,0.42086,C
0.0598,0.39309,C
1.1095,0.4595,C
0.0996,0.38728,C
0.711,0.49987,C
0.069,0.43648,C
0.051,0.37495,C
0.051,0.40714,C
0.3593,0.4304,C
0.16,0.43481,C
0.75,0.51442,C
0.0497,0.38192,C
0.8703,0.64163,C
0.6205,0.60985,C
0.0695,0.36846,C
0.7189,0.44537,C
0.5,0.42922,C
0.0195,0.38202,T
0.2295,0.79741,T
0.2306,0.64162,T
0.1106,0.62709,T
0.159,0.68004,T
0.0605,0.5411,T
0.1396,0.56572,T
0.1399,0.55357,T
0.13,0.55944,T
0.0702,0.52187,T
0.08,0.57116,T
0.1297,0.54945,T
0.1205,0.5635,T
0.1205,0.77603,T
0.1102,0.49774,T
0.08,0.52506,T
0.0995,0.62605,T
0.0995,0.46627,T
0.0704,0.52372,T
0.0606,0.63164,T
0.0607,0.53618,T
0.069,0.64418,T
0.0803,0.53522,T
0.08,0.55933,T
0.1105,0.60634,T
0.08,0.71187,T
0.0598,0.55593,T
0.08,0.61991,T
0.0595,0.64708,T
0.0607,0.45728,T
0.0702,0.53098,T
0.0693,0.4169,T
0.0705,0.42984,T
0.0595,0.41864,T
0.1093,0.68005,T
0.0998,0.50341,T
0.1007,0.55853,T
0.1102,0.5962,T
0.08,0.66069,T
0.1105,0.58253,T
0.0702,0.52084,T
0.0705,0.43494,T
0.0705,0.4485,T
0.2905,0.78234,T
0.0594,0.48265,T
0.13,0.59387,T
0.0899,0.47,T
0.1095,0.63198,T
0.2295,0.57677,T
0.1407,0.4857,T
0.0606,0.43953,T
0.1005,0.66678,T
0.0594,0.49893,T
0.1893,0.68221,T
0.0995,0.61275,T
0.1805,0.48664,T
0.0595,0.47035,T
0.0693,0.60864,T
0.0607,0.43124,T
0.0897,0.46341,T
0.0594,0.52697,T
0.0693,0.47584,T
0.1205,0.66415,T
0.0705,0.52651,T
0.0701,0.56758,T
0.0701,0.56309,T
0.0899,0.53556,T
0.0996,0.59802,T
0.0593,0.39491,T
0.109,0.68897,T
0.079,0.55186,T
0.1106,0.60759,T
0.0605,0.57831,T
0.0595,0.45348,T
0.0704,0.48468,T
0.0801,0.52393,T
0.0801,0.6569,T
0.0594,0.41029,T
0.0801,0.62289,T
0.0701,0.66884,T
0.211,0.46912,T
0.08,0.44431,T
0.09,0.49203,T
0.091,0.48875,T
0.0702,0.49046,T
0.0693,0.40573,T
0.0897,0.72477,T
0.0801,0.53205,T
0.0598,0.49706,T
0.0695,0.48545,T
0.091,0.506,T
0.0995,0.47733,T
0.0693,0.44161,T
0.0704,0.65395,T
0.069,0.52752,T
0.0895,0.47346,T
0.1601,0.56894,T
0.0702,0.55025,T
0.1602,0.78837,T
0.119,0.88994,T
0.0598,0.43088,T
0.1101,0.627,T
0.0693,0.42927,T
0.0594,0.54731,T
0.0895,0.61198,T
0.0608,0.42703,T
0.619,0.47539,T
0.1211,0.44135,T
0.0995,0.44426,T
0.17,0.72457,T
0.2187,0.66701,T
0.0805,0.47983,T
0.1191,0.70118,T
0.1092,0.62334,T
0.1892,0.63059,T
0.0919,0.48065,T
0.17,0.62429,T
0.09,0.53441,T
0.0681,0.52935,T
0.0585,0.39895,T
0.0897,0.58791,T
0.16,0.59127,T
0.0608,0.55793,T
0.08,0.49354,T
0.1795,0.44528,T
0.0608,0.43141,T
0.0682,0.44106,T
0.0995,0.53949,T
0.0898,0.61538,T
0.0604,0.53171,T
0.07,0.49011,T
0.0702,0.61627,T
0.09,0.58569,T
0.07,0.41646,T
0.1014,0.58395,T
0.0705,0.43471,T
0.0603,0.49989,T
0.0605,0.50657,T
0.0608,0.55651,T
0.0704,0.50787,T
0.1093,0.96635,T
0.1309,0.92301,T
0.0608,0.42601,T
0.08,0.54369,T
0.211,0.7199,T
0.1505,0.74185,T
0.1191,0.61211,T
0.1093,0.48404,T
0.0605,0.45891,T
0.17,0.55114,T
0.0703,0.4796,T
0.1287,0.77198,T
0.26,0.73675,T
0.1795,0.50821,T
0.2305,0.68016,T
0.1719,0.60932,T
0.131,0.44974,T
0.09,0.50079,T
0.0604,0.46145,T
0.1819,0.49795,T
0.1503,0.58389,T
0.0997,0.49052,T
0.0686,0.58838,T
0.0997,0.4809,T
0.1797,0.51738,T
0.0781,0.42825,T
0.0608,0.41677,T
0.1797,0.74305,T
0.16,0.5156,T
0.0605,0.38919,T
0.1115,0.66623,T
0.0897,0.70787,T
0.1601,0.85221,T
0.17,0.46372,T
0.131,0.78743,T
0.1601,0.88804,T
0.0605,0.51456,T
0.0995,0.56308,T
0.09,0.45972,T
0.2382,0.72161,T
0.209,0.65689,T
0.0604,0.50165,T
0.0703,0.59714,T
0.1502,0.57637,T
0.0705,0.59028,T
0.0705,0.45974,T
0.119,0.4034,T
0.0682,0.40619,T
0.0994,0.43887,T
0.0995,0.41981,T
0.199,0.4787,T
0.16,0.48734,T
0.0805,0.42341,T
0.0997,0.53252,T
0.0586,0.43832,T
0.0686,0.52956,T
0.1113,0.52952,T
0.0606,0.39199,T
0.121,0.45447,T
0.1092,0.47634,T
0.0702,0.39672,T
0.0686,0.46709,T
0.07,0.4352,T
0.1407,0.46279,T
0.0705,0.41019,T
0.0585,0.44774,T
0.07,0.47244,T
0.0606,0.44839,T
0.1113,0.5785,T
0.0805,0.47062,T
0.0705,0.48145,T
0.0587,0.4241,T
0.07,0.45593,T
0.0606,0.45358,T
0.1502,0.63001,T
0.0705,0.44374,T
0.0703,0.51382,T
0.1503,0.50882,T
0.0997,0.48592,T
0.0604,0.44086,T
0.0997,0.60427,T
0.1503,0.67539,T
0.3108,0.5758,T
0.0702,0.46233,T
0.0585,0.40999,T
0.1193,0.60805,T
0.0705,0.44852,T
0.1504,0.49264,T
0.2403,0.56593,T
0.09,0.51291,T
0.08,0.46617,T
0.09,0.51881,T
0.0607,0.51259,T
0.0704,0.42463,T
0.08,0.55711,T
0.07,0.47368,T
0.0585,0.46365,T
0.0897,0.58512,T
0.0681,0.51964,T
0.0919,0.53707,T
0.0605,0.52,T
0.08,0.61605,T
0.0781,0.4012,T
0.0897,0.60965,T
0.0608,0.48744,T
0.289,0.63421,T
0.0897,0.48277,T
0.3085,0.66825,T
0.0606,0.42047,T
0.0585,0.40438,T
0.09,0.43063,T
0.0702,0.42637,T
0.119,0.41198,T
0.1408,0.52157,T
0.0608,0.43765,T
0.0605,0.44283,T
0.0705,0.45649,T
0.0705,0.43164,T
0.09,0.41455,T
0.0801,0.42942,T
0.121,0.48113,T
0.129,0.50845,T
0.0998,0.42981,T
0.2305,0.65365,T
0.0996,0.57342,T
0.0605,0.47583,T
0.129,0.48879,T
0.0585,0.38967,T
0.1896,0.5644,T
0.1309,0.57407,T
0.0585,0.46308,T
0.1697,0.47379,T
0.1018,0.51974,T
0.1795,0.55877,T
0.0586,0.41008,T
0.0705,0.4848,T
0.129,0.62866,T
0.0585,0.46636,T
0.0703,0.41246,T
0.0996,0.42787,T
0.1092,0.49097,T
0.08,0.43366,T
0.0603,0.41961,T
0.0705,0.43094,T
0.0705,0.47638,T
0.08,0.44753,T
0.0702,0.54183,T
0.0704,0.47681,T
0.0998,0.49675,T
0.121,0.50192,T
0.1818,0.55459,T
0.0587,0.392,T
0.0705,0.38947,T
0.0606,0.48048,T
0.08,0.49949,T
0.0705,0.46685,T
0.0605,0.48606,T
0.0897,0.43995,T
0.0607,0.49253,T
0.1095,0.50505,T
0.09,0.53264,T
0.0608,0.45723,T
0.0604,0.47866,T
0.09,0.42514,T
0.0605,0.41527,T
0.1385,0.65919,T
0.0605,0.42649,T
0.0607,0.431,T
0.0607,0.50628,T
0.0586,0.42847,T
0.08,0.4252,T
0.0587,0.51694,T
0.0801,0.44961,T
0.0897,0.44246,T
0.07,0.48138,T
0.0801,0.59525,T
0.0608,0.52346,T
0.0604,0.57997,T
0.2795,0.54492,T
0.119,0.49104,T
0.0603,0.42407,T
0.0587,0.50688,T
0.0604,0.53002,T
0.08,0.53365,T
0.0605,0.42945,T
0.0704,0.42465,T
0.1408,0.6188,T
0.0895,0.46912,T
0.209,0.57304,T
0.0607,0.44963,T
0.1407,0.51986,T
0.0682,0.41792,T
0.2208,0.55985,T
0.0705,0.54539,T
0.08,0.52301,T
0.0586,0.50576,T
0.0899,0.54169,T
0.0605,0.51682,T
0.0705,0.49368,T
0.0586,0.38815,T
0.0607,0.40518,T
0.1092,0.42672,T
0.1093,0.56113,T
0.0704,0.50822,T
0.0604,0.50899,T
0.0995,0.5205,T
0.0995,0.55599,T
0.1387,0.50942,T
0.2307,0.72042,T
0.1018,0.56625,T
0.1094,0.50637,T
0.09,0.49024,T
0.111,0.44176,T
0.0898,0.46312,T
0.0606,0.47195,T
2.369,1.51649,T
5.1603,0.76782,T
0.07,0.42207,T
0.289,0.46931,T
0.3105,0.4257,T
0.1096,0.42813,T
0.09,0.38837,T
0.0805,0.43637,T
0.629,0.43382,T
0.1113,0.46572,T
0.9003,0.47877,T
0.67,0.44962,T
0.0608,0.47137,T
0.0586,0.39876,T
0.08,0.43144,T
0.0994,0.49048,T
0.1309,0.66811,T
0.0703,0.51324,T
0.0682,0.53575,T
0.09,0.55945,T
0.0608,0.46142,T
0.09,0.5789,T
0.0507,0.55655,T
0.0996,0.522,T
0.0585,0.48214,T
0.0703,0.54994,T
0.0605,0.52288,T
0.0587,0.39151,T
0.0919,0.45416,T
0.0899,0.53745,T
0.0704,0.44739,T
0.0705,0.47447,T
0.1405,0.55843,T
0.129,0.50444,T
0.0899,0.51204,T
0.08,0.51884,T
0.09,0.5163,T
0.2303,0.41679,T
0.4298,0.5285,T
0.1092,0.42615,T
0.8695,0.51068,T
0.0996,0.51064,T
0.1113,0.47499,T
0.0585,0.46004,T
0.0995,0.53051,T
0.0705,0.47041,T
0.0997,0.51161,T
0.1014,0.57138,T
0.1503,0.53073,T
0.0805,0.42469,T
0.0897,0.55273,T
0.1289,0.52077,T
0.1018,0.46438,T
0.09,0.45547,T
0.0995,0.47523,T
0.0998,0.49287,T
0.0897,0.47301,T
0.0606,0.39322,T
0.08,0.48103,T
0.0704,0.45639,T
0.0705,0.47844,T
0.0703,0.46333,T
0.0682,0.51264,T
0.08,0.51577,T
0.0803,0.44979,T
0.0585,0.50803,T
0.08,0.52098,T
0.0801,0.4465,T
0.1092,0.52312,T
0.08,0.46865,T
0.0705,0.44092,T
0.0702,0.45548,T
0.0805,0.47524,T
0.0899,0.44448,T
0.08,0.56735,T
0.0803,0.51608,T
0.0801,0.51097,T
0.08,0.53323,T
0.08,0.58089,T
0.0995,0.50682,T
0.1092,0.50906,T
0.131,0.47941,T
0.0702,0.43093,T
0.0899,0.51968,T
0.09,0.50155,T
0.1405,0.53146,T
0.09,0.46735,T
0.1095,0.58713,T
0.0585,0.44722,T
0.0897,0.52613,T
0.08,0.53207,T
0.1114,0.47077,T
0.09,0.48852,T
0.1014,0.44008,T
0.0997,0.48254,T
0.0705,0.45065,T
0.0997,0.43954,T
0.0919,0.53322,T
0.0702,0.44388,T
0.1096,0.47627,T
0.0686,0.49882,T
0.119,0.489,T
0.08,0.4033,T
0.1015,0.4428,T
0.09,0.52392,T
0.0899,0.44438,T
0.1115,0.50849,T
0.1095,0.47696,T
0.1095,0.56637,T
0.1018,0.48608,T
0.0703,0.46764,T
0.1014,0.48089,T
0.0605,0.54442,T
0.0704,0.42356,T
0.1095,0.50819,T
0.08,0.43599,T
0.1095,0.50967,T
0.08,0.51315,T
0.0994,0.46314,T
0.0682,0.45072,T
0.0703,0.49533,T
0.09,0.48723,T
0.0608,0.50573,T
0.121,0.56328,T
0.09,0.53535,T
0.16,0.52331,T
0.1014,0.45555,T
0.1191,0.56768,T
0.1096,0.50858,T
0.121,0.56659,T
0.1305,0.57711,T
0.129,0.5144,T
0.1408,0.50212,T
0.0702,0.47104,T
0.0897,0.52471,T
0.129,0.55823,T
0.0686,0.52827,T
0.139,0.50295,T
0.08,0.47094,T
0.121,0.51873,T
0.1309,0.53533,T
0.1096,0.48874,T
0.0702,0.49043,T
0.0895,0.53707,T
0.129,0.49865,T
0.0705,0.47495,T
0.0703,0.49529,T
0.1213,0.48413,T
0.1092,0.49777,T
0.1195,0.46334,T
0.0995,0.50281,T
0.09,0.46261,T
0.1309,0.4887,T
0.131,0.59924,T
0.0895,0.53157,T
0.0705,0.47882,T
0.08,0.45604,T
0.09,0.56039,T
0.1405,0.50381,T
0.09,0.4543,T
0.0996,0.52316,T
0.0702,0.49378,T
0.1486,0.66063,T
0.1191,0.60199,T
0.1309,0.54611,T
0.1287,0.57636,T
0.1485,0.57778,T
0.1504,0.6474,T
0.0995,0.67299,T
0.1095,0.62876,T
0.129,0.64471,T
0.0608,0.43635,T
0.08,0.50249,T
0.08,0.46273,T
0.0702,0.50595,T
0.0704,0.46787,T
0.08,0.45913,T
0.0895,0.45592,T
0.0897,0.60975,T
0.08,0.48002,T
0.0585,0.43798,T
0.0995,0.49177,T
0.0997,0.52099,T
0.0681,0.5569,T
0.1095,0.52819,T
0.09,0.60759,T
0.08,0.47422,T
0.0996,0.52461,T
0.09,0.51721,T
0.0603,0.46971,T
0.0605,0.45892,T
0.0605,0.52104,T
0.0587,0.53435,T
0.0585,0.41387,T
0.0604,0.40551,T
0.0705,0.49223,T
0.1385,0.49207,T
0.7303,0.45962,T
0.07,0.49424,T
0.1114,0.55526,T
0.1605,0.569,T
0.1014,0.55383,T
0.0997,0.55893,T
0.0586,0.43911,T
0.1115,0.53002,T
0.16,0.56766,T
0.1191,0.49763,T
0.0997,0.55304,T
0.0998,0.47875,T
0.08,0.4883,T
0.0705,0.59187,T
0.08,0.48236,T
0.08,0.51448,T
0.1285,0.60678,T
0.0995,0.60699,T
0.09,0.49827,T
0.09,0.46599,T
0.09,0.53888,T
0.1014,0.63531,T
0.1503,0.58454,T
0.129,0.52364,T
0.121,0.58152,T
0.16,0.56665,T
0.0897,0.46873,T
0.1115,0.6434,T
0.1482,0.69349,T
0.0895,0.48671,T
0.129,0.68997,T
0.17,0.63902,T
0.1287,0.66121,T
0.1798,0.63036,T
0.1092,0.56382,T
0.0997,0.56987,T
0.1195,0.55164,T
0.1309,0.66328,T
0.0998,0.46974,T
0.121,0.59932,T
0.0701,0.4761,T
0.1505,0.61502,T
0.09,0.50068,T
0.1408,0.57632,T
0.1092,0.50955,T
0.1505,0.59261,T
0.1896,0.62379,T
0.1603,0.546,T
0.1014,0.56248,T
0.16,0.65463,T
0.1603,0.56803,T
0.1408,0.64995,T
0.17,0.59986,T
0.0585,0.49357,T
0.1799,0.56213,T
0.17,0.55886,T
0.0995,0.50249,T
0.1014,0.52537,T
0.1407,0.65707,T
0.1603,0.67377,T
0.09,0.53898,T
0.0998,0.63546,T
0.1892,0.5976,T
0.1115,0.52249,T
0.1505,0.65844,T
0.0997,0.53584,T
0.1695,0.66274,T
0.209,0.64529,T
0.16,0.66151,T
0.1697,0.62286,T
0.1505,0.55045,T
0.1798,0.61371,T
0.1506,0.6363,T
0.1504,0.65942,T
0.1605,0.58617,T
0.1795,0.59189,T
0.17,0.73154,T
0.24,0.78369,T
0.1914,0.67285,T
0.2286,0.64856,T
0.16,0.55188,T
0.1504,0.64885,T
0.1818,0.63961,T
0.1814,0.68928,T
0.129,0.61163,T
0.1992,0.69243,T
0.17,0.64284,T
0.1505,0.72239,T
0.1605,0.63009,T
0.131,0.62071,T
0.111,0.55691,T
0.1289,0.56216,T
0.1191,0.57887,T
0.1503,0.65802,T
0.16,0.62207,T
0.1503,0.5769,T
0.119,0.5143,T
0.1409,0.53224,T
0.1605,0.52944,T
0.16,0.59154,T
0.0998,0.54702,T
0.1191,0.50275,T
0.129,0.53407,T
0.1015,0.59715,T
0.119,0.55437,T
0.1115,0.52319,T
0.1211,0.66071,T
0.16,0.61428,T
0.1195,0.52589,T
0.1193,0.49088,T
0.1404,0.5698,T
0.1409,0.60755,T
0.18,0.62881,T
0.1387,0.59346,T
0.1504,0.6746,T
0.1699,0.61415,T
0.129,0.56903,T
0.0995,0.56479,T
0.131,0.66611,T
0.1797,0.71487,T
0.17,0.71244,T
0.1191,0.59032,T
0.121,0.56945,T
0.1211,0.59842,T
0.1092,0.60738,T
0.1408,0.63987,T
0.1092,0.54219,T
0.121,0.63172,T
0.129,0.59189,T
0.1795,0.71504,T
0.1503,0.71876,T
0.0995,0.56142,T
0.08,0.56049,T
0.0585,0.45381,T
0.0704,0.5163,T
0.08,0.58162,T
0.1697,0.47207,T
0.1114,0.41168,T
0.0895,0.53046,T
0.0998,0.59452,T
0.1506,0.60507,T
0.1408,0.59,T
0.139,0.55708,T
0.17,0.5464,T
0.1307,0.59797,T
0.199,0.6581,T
0.129,0.57569,T
0.1603,0.55063,T
0.1892,0.64312,T
0.1605,0.55957,T
0.1486,0.57004,T
0.1797,0.59019,T
0.2304,0.69342,T
0.1798,0.59942,T
0.09,0.47282,T
0.1092,0.59472,T
0.1603,0.58361,T
0.17,0.62825,T
0.1895,0.66146,T
0.1289,0.61543,T
0.0995,0.54621,T
0.129,0.64468,T
0.07,0.58638,T
0.08,0.553,T
0.1093,0.57122,T
0.0586,0.40243,T
0.0702,0.4178,T
0.0899,0.58372,T
0.08,0.7631,T
0.0996,0.5404,T
0.07,0.64062,T
0.1309,0.6488,T
0.129,0.63667,T
0.0681,0.57881,T
0.121,0.65923,T
0.1409,0.59167,T
0.0703,0.60227,T
0.0997,0.57513,T
0.17,0.63966,T
0.17,0.76775,T
0.08,0.51641,T
0.129,0.62944,T
0.0995,0.5322,T
0.1409,0.55263,T
0.1193,0.58445,T
0.1387,0.61086,T
0.1407,0.60621,T
0.1211,0.60129,T
0.139,0.60279,T
0.17,0.65918,T
0.1818,0.63343,T
0.1991,0.71412,T
0.1915,0.69796,T
0.129,0.66813,T
0.1387,0.57888,T
0.1699,0.60252,T
0.1505,0.60523,T
0.17,0.68586,T
0.1603,0.66097,T
0.1409,0.63407,T
0.1914,0.70131,T
0.1898,0.7403,T
0.1797,0.7348,T
0.1913,0.70341,T
0.131,0.66399,T
0.1797,0.66372,T
0.1095,0.53806,T
0.1015,0.55809,T
0.1211,0.57179,T
0.1115,0.57185,T
0.1193,0.68443,T
0.1092,0.52838,T
0.1195,0.54861,T
0.1504,0.57732,T
0.0587,0.55867,T
0.131,0.52231,T
0.1195,0.54313,T
0.1096,0.58965,T
0.1114,0.53538,T
0.1092,0.52703,T
0.0995,0.45148,T
0.0995,0.58064,T
0.0585,0.46796,T
0.0995,0.48114,T
0.1095,0.54926,T
0.1305,0.60382,T
0.09,0.55929,T
0.1503,0.6369,T
0.0895,0.49548,T
0.1114,0.45374,T
0.131,0.56548,T
0.119,0.54736,T
0.1601,0.60292,T
0.1505,0.60851,T
0.1404,0.52833,T
0.17,0.55554,T
0.1018,0.54094,T
0.1486,0.59436,T
0.0703,0.60645,T
0.1601,0.60501,T
0.129,0.66279,T
0.1796,0.60996,T
0.2013,0.70844,T
0.1505,0.65673,T
0.1409,0.60202,T
0.121,0.62991,T
0.0995,0.50731,T
0.17,0.63704,T
0.1505,0.62326,T
0.121,0.57235,T
0.1307,0.60452,T
0.1797,0.63038,T
0.1797,0.65349,T
0.1601,0.58164,T
0.1191,0.60663,T
0.16,0.57969,T
0.1386,0.62558,T
0.1605,0.55807,T
0.121,0.53602,T
0.1408,0.56174,T
0.131,0.65704,T
0.1093,0.66974,T
0.1211,0.61295,T
0.1503,0.64279,T
0.1387,0.5791,T
0.1408,0.64451,T
0.1504,0.65457,T
0.131,0.65336,T
0.1503,0.68611,T
0.1387,0.6148,T
0.1409,0.62585,T
0.1385,0.61643,T
0.16,0.64911,T
0.0997,0.60266,T
0.1915,0.66432,T
0.129,0.62583,T
0.1798,0.65603,T
0.2013,0.6195,T
0.1482,0.67284,T
0.17,0.77629,T
0.1992,0.66575,T
0.1409,0.67115,T
0.1605,0.68145,T
0.1795,0.70759,T
0.1095,0.537,T
0.1505,0.58867,T
0.1115,0.58425,T
0.1386,0.60047,T
0.08,0.41694,T
0.1601,0.53214,T
0.119,0.51201,T
0.0705,0.51199,T
0.0899,0.52655,T
0.1096,0.539,T
0.1407,0.58407,T
0.0997,0.58794,T
0.1408,0.57578,T
0.139,0.57445,T
0.131,0.55003,T
0.1699,0.64571,T
0.16,0.67707,T
0.1385,0.5871,T
0.1014,0.57425,T
0.0995,0.65516,T
0.1719,0.58016,T
0.1387,0.58822,T
0.1697,0.64578,T
0.129,0.71979,T
0.17,0.72487,T
0.1505,0.6566,T
0.16,0.61,T
0.17,0.71691,T
0.17,0.67562,T
0.1602,0.64047,T
0.1795,0.70897,T
0.131,0.67653,T
0.16,0.66798,T
0.1506,0.72566,T
0.119,0.6684,T
0.129,0.69394,T
0.119,0.55861,T
0.0606,0.41286,T
0.0587,0.5342,T
0.0995,0.40225,T
0.08,0.50863,T
0.0995,0.45827,T
0.1095,0.44708,T
0.2208,0.42372,T
0.201,0.42505,T
0.3904,0.56839,T
0.0895,0.49011,T
0.0704,0.46886,T
0.08,0.52399,T
0.0805,0.45056,T
0.0602,0.50905,T
0.0995,0.49507,T
0.0919,0.51221,T
0.0703,0.53317,T
0.1095,0.45234,T
0.08,0.54456,T
0.0703,0.45785,T
0.1385,0.60749,T
0.119,0.56047,T
0.0895,0.50881,T
0.09,0.56202,T
0.16,0.58933,T
0.0604,0.4414,T
0.0682,0.51294,T
0.08,0.52225,T
0.1193,0.53994,T
0.0681,0.50327,T
0.0998,0.53713,T
0.0605,0.51826,T
0.1095,0.54374,T
0.0703,0.45088,T
0.0605,0.47828,T
0.0997,0.4508,T
0.0898,0.48812,T
0.1408,0.58934,T
0.0899,0.57248,T
0.1115,0.57986,T
0.0605,0.52539,T
0.0897,0.52857,T
0.0705,0.51263,T
0.0998,0.50628,T
0.1195,0.46966,T
0.1014,0.52412,T
0.1213,0.48428,T
0.0705,0.48402,T
0.0606,0.45716,T
0.0604,0.52319,T
0.1309,0.59384,T
0.0605,0.42723,T
0.1387,0.50834,T
0.09,0.50772,T
0.0895,0.51587,T
0.0899,0.49026,T
0.1115,0.52173,T
0.0585,0.47481,T
0.08,0.42238,T
0.1191,0.51363,T
0.0801,0.45094,T
0.0899,0.47317,T
0.0586,0.46821,T
0.0585,0.49623,T
0.0587,0.47139,T
0.0994,0.43655,T
0.08,0.51202,T
0.09,0.47189,T
0.0897,0.40409,T
0.1193,0.49923,T
0.0703,0.43154,T
0.0703,0.41008,T
0.1018,0.5166,T
0.08,0.51564,T
0.1092,0.58017,T
0.0704,0.48958,T
0.1095,0.51432,T
0.1289,0.5119,T
0.1191,0.59462,T
0.1191,0.5199,T
0.121,0.49967,T
0.119,0.4762,T
0.1093,0.59442,T
0.08,0.46496,T
0.0995,0.55684,T
0.1309,0.51322,T
0.0801,0.53158,T
0.09,0.44449,T
0.1408,0.51233,T
0.129,0.5116,T
0.1115,0.42849,T
0.0803,0.49384,T
0.0702,0.38924,T
0.1405,0.51295,T
0.09,0.43333,T
0.08,0.54626,T
0.0996,0.46128,T
0.1114,0.48927,T
0.08,0.47895,T
0.121,0.51856,T
0.1115,0.48268,T
0.0585,0.45236,T
0.0919,0.55948,T
0.121,0.52376,T
0.131,0.49453,T
0.0897,0.55424,T
0.1504,0.57119,T
0.0705,0.50745,T
0.1502,0.55041,T
0.1581,0.49837,T
0.119,0.59635,T
0.1309,0.54085,T
0.1096,0.48546,T
0.129,0.54576,T
0.1798,0.65147,T
0.1506,0.61922,T
0.131,0.62705,T
0.0998,0.55813,T
0.129,0.67346,T
0.1603,0.64271,T
0.129,0.59538,T
0.1603,0.68467,T
0.129,0.56305,T
0.1406,0.58414,T
0.1405,0.57415,T
0.1092,0.6084,T
0.08,0.46931,T
0.0897,0.58642,T
0.0998,0.58063,T
0.121,0.53897,T
0.0605,0.4949,T
0.1211,0.55559,T
0.129,0.56069,T
0.121,0.5798,T
0.1092,0.52579,T
0.1408,0.6,T
0.1405,0.59985,T
0.0703,0.49529,T
0.0898,0.58083,T
0.1093,0.61515,T
0.131,0.57059,T
0.1505,0.5531,T
0.1795,0.64172,T
0.131,0.50548,T
0.17,0.5962,T
0.121,0.5471,T
0.08,0.64868,T
0.1407,0.61399,T
0.1408,0.50803,T
0.1014,0.55405,T
0.129,0.61258,T
0.0995,0.6017,T
0.129,0.56795,T
0.1307,0.62628,T
0.1407,0.53036,T
0.08,0.50637,T
0.131,0.56213,T
0.0801,0.49806,T
0.1114,0.6108,T
0.1093,0.65063,T
0.18,0.5995,T
0.1405,0.5746,T
0.1505,0.61498,T
0.0607,0.50663,T
0.0897,0.62146,T
0.0703,0.52336,T
0.0705,0.51474,T
0.0997,0.5274,T
0.08,0.45847,T
0.0705,0.54664,T
0.0998,0.50329,T
0.1094,0.49694,T
0.0585,0.46173,T
0.0897,0.49129,T
0.0701,0.49222,T
0.0895,0.53344,T
0.1211,0.45225,T
0.1195,0.49356,T
0.0805,0.49824,T
0.0899,0.5254,T
0.0585,0.4687,T
0.0608,0.50225,T
0.131,0.52591,T
0.1095,0.53894,T
0.1096,0.57302,T
0.1505,0.63532,T
0.0994,0.58258,T
0.1309,0.53896,T
0.1096,0.55203,T
0.1115,0.51956,T
0.1193,0.65012,T
0.1091,0.63293,T
0.1819,0.66702,T
0.1095,0.47894,T
0.0997,0.65817,T
0.0897,0.4347,T
0.1504,0.51596,T
0.1092,0.5262,T
0.0895,0.46176,T
0.0607,0.52132,T
0.1796,0.68088,T
0.0704,0.43192,T
0.0705,0.45671,T
0.1309,0.79079,T
0.1095,0.73653,T
0.0604,0.48732,T
0.129,0.72848,T
0.1093,0.43731,T
0.1798,0.70863,T
0.08,0.50207,T
0.1818,0.68992,T
0.0605,0.44435,T
0.209,0.80671,T
0.1096,0.48579,T
0.07,0.60003,T
0.1191,0.51496,T
0.1215,0.82108,T
0.08,0.51956,T
0.0997,0.70753,T
0.0994,0.49658,T
0.0605,0.59279,T
0.0895,0.77585,T
0.1113,0.53869,T
0.1195,0.65122,T
0.0995,0.769,T
0.1115,0.46323,T
0.0919,0.54061,T
0.0803,0.55509,T
0.1818,0.65574,T
0.1309,0.75701,T
0.1014,0.48474,T
0.1408,0.79125,T
0.0995,0.7253,T
0.17,0.62498,T
0.0507,0.53806,T
0.1387,0.7174,T
0.1287,0.69692,T
0.0898,0.44419,T
0.0995,0.52181,T
0.0603,0.5815,T
0.0805,0.58771,T
0.119,0.68401,T
0.0705,0.4763,T
0.1387,0.80166,T
0.0895,0.6787,T
0.1095,0.6471,T
0.08,0.44173,T
0.1386,0.73365,T
0.0608,0.47802,T
0.0585,0.38357,T
0.0805,0.65794,T
0.1018,0.78505,T
0.0899,0.49573,T
0.0682,0.43156,T
0.07,0.51278,T
0.08,0.46289,T
0.08,0.39919,T
0.0705,0.45732,T
0.0585,0.53129,T
0.0704,0.40937,T
0.09,0.45455,T
0.0605,0.50555,T
0.1195,0.7182,T
0.0605,0.4457,T
0.0895,0.44641,T
0.08,0.4492,T
0.0895,0.58993,T
0.0605,0.437,T
0.0605,0.57675,T
0.0705,0.42156,T
0.0702,0.50754,T
0.1096,0.6097,T
0.0608,0.4064,T
0.0605,0.46171,T
0.0608,0.44646,T
0.0705,0.44669,T
0.129,0.59041,T
0.0603,0.48178,T
0.0705,0.44587,T
0.0608,0.43288,T
0.0608,0.46418,T
0.0608,0.43644,T
0.08,0.4851,T
0.08,0.5233,T
0.08,0.53521,T
0.0682,0.50506,T
0.0605,0.58097,T
0.0585,0.50279,T
0.0805,0.40238,T
0.0607,0.43494,T
0.0585,0.49824,T
0.0704,0.5192,T
0.1095,0.67669,T
0.0703,0.45808,T
0.0801,0.49677,T
0.1482,0.41985,T
0.0705,0.48501,T
0.1504,0.62391,T
0.0995,0.61521,T
0.0995,0.53289,T
0.0803,0.43903,T
0.0605,0.54564,T
0.0587,0.5359,T
0.0605,0.39251,T
0.131,0.70611,T
0.121,0.64471,T
0.131,0.62962,T
0.09,0.44253,T
0.0996,0.60669,T
0.0585,0.45092,T
0.1505,0.61756,T
0.0805,0.54165,T
0.121,0.71201,T
0.0895,0.5177,T
0.0703,0.44416,T
0.0919,0.49179,T
0.08,0.4842,T
0.1018,0.49739,T
0.0994,0.46315,T
0.0704,0.49006,T
0.1385,0.50784,T
0.129,0.45098,T
0.08,0.45072,T
0.0686,0.46577,T
0.08,0.4867,T
0.0605,0.41879,T
0.0703,0.42189,T
0.0996,0.48194,T
0.09,0.43162,T
0.0919,0.50605,T
0.1113,0.6747,T
0.121,0.63086,T
0.0605,0.44595,T
0.0686,0.55121,T
0.0608,0.5578,T
0.0801,0.48595,T
0.0605,0.5382,T
0.1482,0.65044,T
0.0998,0.69649,T
0.0997,0.58878,T
0.0607,0.49351,T
0.0895,0.61174,T
0.08,0.5467,T
0.0705,0.47249,T
0.0605,0.48556,T
0.0602,0.47756,T
0.0897,0.41464,T
0.2187,0.5985,T
0.1096,0.67849,T
0.1091,0.59035,T
0.0702,0.49168,T
0.0608,0.59547,T
0.0705,0.521,T
0.1014,0.67164,T
0.0705,0.47927,T
0.0586,0.50879,T
0.0608,0.45102,T
0.0995,0.53788,T
0.0586,0.5235,T
0.119,0.58441,T
0.09,0.54684,T
0.1095,0.56497,T
0.08,0.58783,T
0.09,0.49446,T
0.0702,0.58816,T
0.0897,0.47687,T
0.0705,0.47994,T
0.0606,0.45383,T
0.08,0.51035,T
0.1018,0.51049,T
0.0899,0.50774,T
0.0705,0.50353,T
0.0895,0.49074,T
0.0705,0.39618,T
0.0701,0.51526,T
0.0702,0.45032,T
0.0705,0.48579,T
0.0705,0.41509,T
0.0608,0.47243,T
0.0702,0.39859,T
0.0703,0.4372,T
0.0605,0.41859,T
0.0585,0.4219,T
0.0703,0.45449,T
0.0605,0.42687,T
0.0586,0.5155,T
0.0586,0.50941,T
0.0682,0.43727,T
0.0805,0.41718,T
0.0605,0.43826,T
0.09,0.41979,T
0.0682,0.50648,T
0.08,0.50883,T
0.0897,0.48615,T
0.0781,0.44426,T
0.0606,0.48246,T
0.0681,0.4054,T
0.0895,0.52778,T
0.0704,0.47966,T
0.0705,0.54058,T
0.0605,0.45047,T
0.0682,0.47606,T
0.0604,0.43775,T
0.0586,0.43111,T
0.0608,0.39322,T
0.0608,0.4155,T
0.0604,0.51886,T
0.0587,0.49061,T
0.0801,0.57004,T
0.07,0.47786,T
0.09,0.5489,T
0.1113,0.47649,T
0.07,0.4872,T
0.08,0.5826,T
0.1215,0.67535,T
0.0704,0.47392,T
0.0702,0.48462,T
0.0608,0.50462,T
0.0705,0.53541,T
0.08,0.52577,T
0.0585,0.48044,T
0.0705,0.47644,T
0.0781,0.49783,T
0.0605,0.44844,T
0.0995,0.54568,T
0.0607,0.4854,T
0.0605,0.41734,T
0.0705,0.46747,T
0.0604,0.52454,T
0.0682,0.46581,T
0.1191,0.61605,T
0.0606,0.48984,T
0.0585,0.44116,T
0.0608,0.44337,T
0.0605,0.43784,T
0.0604,0.47243,T
0.0703,0.42996,T
0.07,0.43775,T
0.08,0.53489,T
0.08,0.42085,T
0.0587,0.49318,T
0.1409,0.51898,T
0.1285,0.53893,T
0.0997,0.46458,T
0.0702,0.49378,T
0.0705,0.40801,T
0.3395,0.46564,T
0.789,0.56756,T
0.0608,0.53046,T
0.17,0.76046,T
0.08,0.62306,T
0.0605,0.42841,T
0.0605,0.61549,T
0.0703,0.54367,T
0.0608,0.44879,T
0.08,0.58135,T
0.0703,0.59304,T
0.0606,0.4842,T
0.1191,0.57464,T
0.08,0.62608,T
0.0997,0.70137,T
0.0805,0.5313,T
0.0608,0.50261,T
0.0899,0.61864,T
0.0705,0.5488,T
0.0585,0.56786,T
0.0605,0.38485,T
0.0703,0.42413,T
0.0781,0.55835,T
0.0605,0.50355,T
0.0605,0.46497,T
0.0801,0.40261,T
0.08,0.50835,T
0.0703,0.44505,T
0.08,0.55515,T
0.07,0.4856,T
0.0587,0.57661,T
0.08,0.66731,T
0.08,0.5399,T
0.0682,0.67109,T
0.0608,0.44953,T
0.0607,0.45031,T
0.08,0.57391,T
0.0805,0.52915,T
0.1482,0.64274,T
0.0607,0.49729,T
0.1385,0.62851,T
0.08,0.59364,T
0.0704,0.61118,T
0.0608,0.50404,T
0.0604,0.51393,T
0.0705,0.48323,T
0.0919,0.56777,T
0.0703,0.60275,T
0.08,0.57994,T
0.0897,0.47377,T
0.0607,0.67834,T
0.0705,0.49303,T
0.121,0.6839,T
0.07,0.49291,T
0.08,0.5397,T
0.08,0.51771,T
0.08,0.43686,T
0.0586,0.46871,T
0.0704,0.50457,T
0.0602,0.43714,T
0.0801,0.49612,T
0.07,0.60296,T
0.0705,0.57868,T
0.0895,0.60353,T
0.0702,0.59621,T
0.0703,0.50778,T
0.0701,0.60402,T
0.0605,0.49459,T
0.3497,0.50674,T
0.09,0.48802,T
0.0703,0.43099,T
0.0605,0.52287,T
0.09,0.68389,T
0.0603,0.47675,T
0.1193,0.67729,T
0.08,0.73607,T
0.0703,0.59115,T
0.0585,0.40754,T
0.0995,0.52607,T
0.09,0.59218,T
0.0608,0.43082,T
0.08,0.4931,T
0.08,0.46499,T
0.0705,0.38868,T
0.119,0.54948,T
0.08,0.51242,T
0.0587,0.5108,T
0.0607,0.4763,T
0.0705,0.48006,T
0.1015,0.72316,T
0.0682,0.60818,T
0.08,0.63258,T
0.0705,0.43289,T
0.0605,0.63337,T
0.08,0.3964,T
0.08,0.51351,T
0.2208,0.56824,T
0.1581,0.47655,T
0.0705,0.43027,T
0.1503,0.54236,T
0.08,0.41384,T
0.211,0.59244,T
0.111,0.45081,T
0.1505,0.47633,T
0.129,0.63272,T
0.1287,0.60145,T
0.0701,0.46064,T
0.0705,0.40116,T
0.0805,0.40261,T
0.1505,0.51716,T
0.09,0.48122,T
0.0899,0.51824,T
0.0605,0.4966,T
0.0681,0.47253,T
0.0605,0.482,T
0.08,0.4333,T
0.0899,0.48149,T
0.0702,0.43685,T
0.0705,0.48779,T
0.0686,0.53262,T
0.0606,0.44173,T
0.0705,0.48753,T
0.07,0.53361,T
0.0602,0.45205,T
0.0705,0.51787,T
0.0899,0.4728,T
0.119,0.48505,T
0.121,0.48194,T
0.1095,0.43213,T
0.0505,0.44058,T
0.0995,0.42351,T
0.09,0.56717,T
0.0803,0.47037,T
0.1095,0.48522,T
0.08,0.4106,T
0.1094,0.41936,T
0.0995,0.47273,T
0.1018,0.42714,T
0.0508,0.40474,T
0.0509,0.37757,T
0.0605,0.48495,T
0.09,0.46692,T
0.07,0.4563,T
0.0998,0.42103,T
0.1018,0.43285,T
0.08,0.4425,T
0.0997,0.41664,T
0.0996,0.51703,T
0.0998,0.49225,T
0.0605,0.42547,T
0.0995,0.44984,T
0.0608,0.44957,T
0.0686,0.40785,T
0.0604,0.44572,T
0.1093,0.42978,T
0.0897,0.4303,T
0.0899,0.46583,T
0.0997,0.41688,T
0.0605,0.46981,T
0.1289,0.4856,T
0.0705,0.5144,T
0.1093,0.5126,T
0.1095,0.52479,T
0.1094,0.45038,T
0.0898,0.44382,T
0.08,0.48984,T
0.1114,0.48696,T
0.119,0.47424,T
0.0899,0.44224,T
0.08,0.44808,T
0.1115,0.43552,T
0.1018,0.53403,T
0.08,0.50051,T
0.129,0.50617,T
0.08,0.49727,T
0.1095,0.53987,T
0.08,0.41307,T
0.1115,0.44926,T
0.121,0.46041,T
0.0703,0.43433,T
0.1405,0.45576,T
0.0897,0.45495,T
0.0995,0.44805,T
0.1193,0.55607,T
0.119,0.55337,T
0.0895,0.50787,T
0.0604,0.44408,T
0.1309,0.55095,T
0.1215,0.50503,T
0.0995,0.46719,T
0.129,0.48839,T
0.1408,0.44274,T
0.0995,0.56064,T
0.09,0.47238,T
0.08,0.54858,T
0.0995,0.54423,T
0.09,0.52656,T
0.1092,0.47617,T
0.07,0.4391,T
0.08,0.45107,T
0.1093,0.49335,T
0.0897,0.52613,T
0.1092,0.53484,T
0.0895,0.5493,T
0.0899,0.45106,T
0.0606,0.45397,T
0.1095,0.54337,T
0.1115,0.46775,T
0.0805,0.45598,T
0.0585,0.42455,T
0.0704,0.47983,T
0.0995,0.51234,T
0.139,0.59348,T
0.0998,0.56833,T
0.1014,0.48865,T
0.0899,0.5139,T
0.1408,0.48087,T
0.1407,0.49049,T
0.1115,0.51865,T
0.1018,0.50125,T
0.1307,0.49452,T
0.0702,0.48846,T
0.119,0.5192,T
0.1195,0.49302,T
0.1405,0.51083,T
0.0897,0.52693,T
0.1095,0.4845,T
0.119,0.43588,T
0.1093,0.53307,T
0.0703,0.54477,T
0.07,0.44397,T
0.1014,0.4694,T
0.08,0.47995,T
0.1305,0.57253,T
0.1307,0.49161,T
0.129,0.54421,T
0.119,0.56522,T
0.119,0.48485,T
0.119,0.46737,T
0.1503,0.50687,T
0.131,0.5432,T
0.0801,0.46897,T
0.0897,0.55345,T
0.09,0.51072,T
0.0895,0.50502,T
0.0587,0.47758,T
0.0996,0.56771,T
0.1095,0.53586,T
0.0895,0.50677,T
0.1018,0.4765,T
0.0705,0.40021,T
0.08,0.47994,T
0.0608,0.46711,T
0.0702,0.48551,T
0.0704,0.43025,T
0.08,0.42876,T
0.0996,0.50502,T
0.0705,0.505,T
0.0702,0.4461,T
0.0585,0.49033,T
0.09,0.44357,T
0.0702,0.42631,T
0.08,0.44048,T
0.0682,0.50156,T
0.0803,0.42241,T
0.0607,0.4974,T
0.0703,0.51053,T
0.0604,0.49503,T
0.0608,0.4311,T
0.0586,0.46523,T
0.0701,0.47799,T
0.0899,0.43556,T
0.0805,0.49415,T
0.0603,0.42512,T
0.09,0.5091,T
0.0604,0.49764,T
0.09,0.47066,T
0.0585,0.41847,T
0.0803,0.54735,T
0.16,0.59337,T
0.129,0.57308,T
0.1502,0.60641,T
0.2402,0.60308,T
0.08,0.55393,T
0.0702,0.42727,T
0.0686,0.43017,T
0.0998,0.37703,T
0.0703,0.4349,T
0.1505,0.43719,T
0.291,0.4226,T
0.0607,0.44809,T
0.09,0.48575,T
0.18,0.49766,T
0.08,0.44922,T
1.4902,0.57352,T
0.2985,0.41396,T
0.16,0.45698,T
0.1092,0.39985,T
0.1094,0.4658,T
0.0801,0.45257,T
0.0605,0.49719,T
0.0997,0.53494,T
0.08,0.41249,T
0.09,0.4345,T
0.119,0.57278,T
0.09,0.41655,T
0.1091,0.51595,T
0.0803,0.44735,T
0.0704,0.56812,T
0.08,0.4864,T
0.09,0.44587,T
0.09,0.48624,T
0.0608,0.49036,T
0.0585,0.39236,T
0.08,0.58961,T
0.0704,0.57315,T
0.1581,0.5296,T
0.0705,0.54179,T
0.0805,0.6506,T
0.0602,0.42428,T
0.0703,0.43221,T
0.0703,0.48193,T
0.209,0.45614,T
0.0997,0.66353,T
0.0703,0.53942,T
0.1095,0.60398,T
0.0605,0.49863,T
0.1191,0.7098,T
0.0899,0.6726,T
0.08,0.62946,T
0.0996,0.69868,T
0.1113,0.66939,T
0.0608,0.53008,T
0.0899,0.71279,T
0.0919,0.50518,T
0.1503,0.60977,T
0.0585,0.60379,T
0.111,0.6211,T
0.0996,0.56174,T
0.1309,0.70767,T
0.0587,0.45335,T
0.08,0.57166,T
0.0895,0.55833,T
0.0899,0.60874,T
0.0998,0.70473,T
0.0997,0.7257,T
0.119,0.68229,T
0.17,0.67214,T
0.2305,0.69241,T
0.1191,0.5633,T
0.1095,0.43103,T
0.0897,0.62815,T
0.0682,0.41313,T
0.08,0.64097,T
0.0801,0.72691,T
0.08,0.80836,T
0.08,0.59536,T
0.09,0.69536,T
0.09,0.72178,T
0.1404,0.83342,T
0.131,0.6361,T
0.0682,0.50317,T
0.0897,0.50992,T
0.1096,0.78356,T
0.0704,0.51536,T
0.1092,0.76034,T
0.0603,0.51265,T
0.1093,0.54611,T
0.1506,0.70351,T
0.0895,0.47214,T
0.119,0.78791,T
0.1114,0.56866,T
0.0605,0.48685,T
0.0608,0.46487,T
0.0705,0.49415,T
0.119,0.57147,T
0.1795,0.55228,T
0.1603,0.45803,T
0.209,0.54719,T
0.1095,0.46268,T
0.1405,0.42712,T
0.209,0.45997,T
0.1913,0.48329,T
0.09,0.58132,T
0.0997,0.59125,T
0.0705,0.52351,T
0.0801,0.49644,T
0.1407,0.45784,T
0.121,0.4782,T
0.17,0.42101,T
0.1406,0.48668,T
0.1191,0.44947,T
0.0997,0.39784,T
0.1913,0.48994,T
0.0704,0.40156,T
0.1211,0.43452,T
0.1195,0.45193,T
0.361,0.51919,T
0.1405,0.46584,T
0.1309,0.44165,T
0.1505,0.56249,T
0.1504,0.49733,T
0.129,0.57541,T
0.1505,0.46028,T
0.09,0.46817,T
0.08,0.41014,T
0.0705,0.45859,T
0.0895,0.52878,T
0.0995,0.4946,T
0.1193,0.47384,T
0.1018,0.4655,T
0.1603,0.50236,T
0.1309,0.4695,T
0.0608,0.43079,T
0.1605,0.51267,T
0.0801,0.48133,T
0.0899,0.48482,T
0.0605,0.45948,T
0.0899,0.46139,T
0.0705,0.42189,T
0.0604,0.43964,T
0.0703,0.38615,T
0.08,0.48778,T
0.0801,0.42074,T
0.0998,0.48192,T
0.0895,0.50146,T
0.0704,0.46017,T
0.0703,0.40331,T
0.0605,0.4506,T
0.0705,0.43193,T
0.0682,0.46026,T
0.0701,0.49947,T
0.0996,0.43478,T
0.0705,0.49076,T
0.0805,0.44751,T
0.0703,0.43329,T
0.0604,0.46257,T
0.09,0.45746,T
0.131,0.48469,T
0.0895,0.57289,T
0.0703,0.52659,T
0.0705,0.50005,T
0.09,0.51181,T
0.0703,0.47382,T
0.08,0.46768,T
0.0607,0.39601,T
0.0702,0.42744,T
0.0997,0.43754,T
0.0705,0.43612,T
0.0705,0.45094,T
0.1014,0.42167,T
0.08,0.47075,T
0.0681,0.44666,T
0.0705,0.47565,T
0.1289,0.48703,T
0.08,0.45296,T
0.0703,0.44054,T
0.09,0.47273,T
0.129,0.54121,T
0.131,0.4454,T
0.0703,0.50431,T
0.08,0.42542,T
0.0895,0.46854,T
0.0682,0.43924,T
0.08,0.44941,T
0.0605,0.46053,T
0.0605,0.46559,T
0.0895,0.44905,T
0.08,0.42445,T
0.08,0.51428,T
0.08,0.44477,T
0.07,0.397,T
0.0605,0.38913,T
0.07,0.48909,T
0.0586,0.484,T
0.0608,0.45588,T
0.291,0.65272,T
0.0897,0.59093,T
0.0607,0.40742,T
0.119,0.44336,T
0.1992,0.76225,T
0.0604,0.53018,T
0.1386,0.46714,T
0.26,0.48001,T
0.211,0.748,T
0.1798,0.85351,T
0.0899,0.75517,T
0.1096,0.7173,T
0.2597,0.47219,T
0.1504,0.83503,T
0.0996,0.80043,T
0.1408,0.61689,T
0.08,0.56462,T
0.09,0.67213,T
0.129,0.66926,T
0.121,0.62387,T
0.1386,0.90202,T
0.25,0.67163,T
0.121,0.78397,T
0.0919,0.72022,T
0.1211,0.7745,T
0.08,0.5785,T
0.0604,0.48614,T
0.08,0.67717,T
0.1505,0.79421,T
0.0682,0.56093,T
0.1797,0.72067,T
0.0997,0.62672,T
0.1095,0.69706,T
0.1409,0.7646,T
0.2015,0.57821,T
0.0604,0.55233,T
0.1385,0.41393,T
0.1092,0.85026,T
0.131,0.55902,T
0.08,0.49443,T
0.0705,0.40431,T
0.1096,0.47501,T
0.0995,0.7301,T
0.08,0.42025,T
0.1601,0.652,T
0.08,0.4373,T
0.08,0.64225,T
0.1092,0.49426,T
0.0585,0.40533,T
0.0803,0.59984,T
0.0801,0.42972,T
0.119,0.64361,T
0.1191,0.655,T
0.1505,0.39868,T
0.129,0.74339,T
0.0805,0.64979,T
0.08,0.45911,T
0.131,0.47439,T
0.1897,0.75281,T
0.09,0.60678,T
0.08,0.41479,T
0.2304,0.60997,T
0.1307,0.91411,T
0.0704,0.45268,T
0.1213,0.62144,T
0.0704,0.40979,T
0.0587,0.47065,T
0.0686,0.39127,T
0.0996,0.58032,T
0.0801,0.55109,T
0.0703,0.69888,T
0.0605,0.48799,T
0.08,0.41255,T
0.25,0.58485,T
0.0608,0.40702,T
0.0604,0.48081,T
0.0919,0.74786,T
0.0895,0.59266,T
0.0805,0.47205,T
0.0705,0.3945,T
0.1486,0.69929,T
0.08,0.51685,T
0.209,0.57009,T
0.0703,0.42248,T
0.1485,0.59266,T
0.0602,0.40226,T
0.0682,0.4198,T
0.0586,0.41797,T
0.0587,0.58571,T
0.0602,0.46543,T
0.0995,0.54336,T
0.0607,0.4728,T
0.131,0.52447,T
0.24,0.56289,T
0.0705,0.496,T
0.09,0.41171,T
0.07,0.64308,T
0.0919,0.46836,T
0.1309,0.75986,T
0.1893,0.64124,T
0.0607,0.48227,T
0.0997,0.78101,T
0.1215,0.41076,T
0.0608,0.40291,T
0.1095,0.41852,T
0.08,0.55978,T
0.1307,0.5039,T
0.0605,0.46261,T
0.0587,0.50467,T
0.07,0.56633,T
0.0703,0.60765,T
0.0803,0.54887,T
0.0995,0.49317,T
0.0897,0.64448,T
0.1115,0.55074,T
0.0705,0.49911,T
0.0803,0.53359,T
0.0686,0.47971,T
0.0704,0.4199,T
0.1285,0.56191,T
0.0996,0.5644,T
0.1191,0.48942,T
0.119,0.56086,T
0.0704,0.55014,T
0.1018,0.58682,T
0.0899,0.56168,T
0.0704,0.41448,T
0.1699,0.53301,T
0.0899,0.41697,T
0.1405,0.52241,T
0.1385,0.56883,T
0.0704,0.53271,T
0.119,0.46645,T
0.289,0.67526,T
0.0607,0.54518,T
0.1505,0.58853,T
0.1095,0.6145,T
0.0701,0.55047,T
0.0604,0.50566,T
0.0604,0.50984,T
0.0995,0.78598,T
0.1387,0.64272,T
0.1309,0.68325,G
0.0608,0.56736,G
0.1014,0.55862,G
0.0919,0.60894,G
0.0507,0.55908,G
0.1407,0.8796,G
0.1408,0.62843,G
0.1504,0.86918,G
0.1505,0.89918,G
0.0586,0.54131,G
0.0489,0.53414,G
0.1991,0.86393,G
0.2305,0.90261,G
0.0995,0.5739,G
0.2208,0.78414,G
0.0604,0.56793,G
0.0603,0.76472,G
0.1211,0.78164,G
0.17,0.80319,G
0.131,0.89775,G
0.0801,0.71556,G
0.0509,0.54994,G
0.0505,0.55009,G
0.0395,0.51971,G
0.0487,0.72018,G
0.1895,0.84676,G
0.25,0.92903,G
0.2714,0.87073,G
0.0705,0.54528,G
0.129,0.53227,G
0.0705,0.56997,G
0.0586,0.67416,G
0.08,0.75125,G
0.0485,0.70633,G
0.119,0.5633,G
0.17,0.84862,G
0.1504,0.97769,G
0.1113,0.99713,G
0.1309,0.92445,G
0.0485,0.54621,G
0.051,0.54656,G
0.0507,0.52965,G
0.1601,0.83594,G
0.0607,0.52866,G
0.08,0.80355,G
0.0505,0.53364,G
0.1895,1.14168,G
0.129,0.62999,G
0.1215,1.00711,G
0.1405,0.55931,G
0.0705,0.54359,G
0.1191,0.87606,G
0.0998,0.55167,G
0.1309,0.60187,G
0.5215,1.11837,G
0.42,1.29425,G
0.3809,1.10461,G
0.289,0.96255,G
0.1913,0.8804,G
0.2598,0.93069,G
0.289,0.98843,G
0.2402,0.9826,G
0.1913,0.84736,G
0.1914,0.92394,G
0.1408,0.83606,G
0.4513,1.1313,G
0.281,0.99988,G
0.1914,0.76182,G
0.369,0.93362,G
0.2698,0.99069,G
0.2402,0.92501,G
0.3495,0.89841,G
0.2382,0.89853,G
0.281,1.00435,G
0.2308,0.95937,G
0.381,0.91485,G
0.4808,0.96637,G
0.4903,0.95976,G
0.2305,0.8759,G
0.381,1.11748,G
0.3809,0.87553,G
0.3205,0.8835,G
0.2795,0.87819,G
0.4197,0.90515,G
0.4003,0.82002,G
0.0998,0.59558,G
0.4709,0.91707,G
0.2209,0.81734,G
0.5705,0.90206,G
0.2205,0.90583,G
0.1897,0.83027,G
0.33,0.77081,G
0.3691,0.85106,G
0.1913,0.82849,G
0.209,0.91544,G
0.1798,0.91877,G
0.2209,0.91023,G
0.3008,0.92594,G
0.2987,0.9402,G
0.1993,0.84845,G
0.1995,0.83708,G
0.199,0.85508,G
0.1795,0.83783,G
0.2793,0.82906,G
0.2187,0.87495,G
0.25,0.9167,G
0.33,0.84006,G
0.289,0.89625,G
0.2208,0.89878,G
0.2697,0.88018,G
0.199,0.74787,G
0.3301,0.88477,G
0.25,0.86931,G
0.0602,0.53361,G
0.131,0.56764,G
0.0507,0.56531,G
0.0899,0.56951,G
0.0608,0.55177,G
0.0606,0.52627,G
0.1309,0.7602,G
0.201,0.824,G
0.1991,0.80973,G
0.08,0.71741,G
0.1211,0.71896,G
0.1115,0.66781,G
0.049,0.53126,G
0.1502,0.82277,G
0.1018,0.82974,G
0.379,0.79629,G
0.1407,0.88212,G
0.0998,0.81673,G
0.16,0.80758,G
0.139,0.79408,G
0.1015,0.73701,G
0.1895,0.85392,G
0.1385,0.7749,G
0.1601,0.77285,G
0.1405,0.6174,G
0.121,0.7638,G
0.16,0.81176,G
0.0995,0.72297,G
0.1014,0.79028,G
0.2208,1.03312,G
0.1895,0.80313,G
0.2401,0.9001,G
0.2793,0.89398,G
0.119,0.80261,G
0.3497,0.90504,G
0.25,0.83767,G
0.0705,0.62389,G
0.0607,0.6637,G
0.0507,0.6287,G
0.2403,0.93061,G
0.1114,0.75109,G
0.0996,0.68284,G
0.2011,0.84552,G
0.0995,0.75759,G
0.0899,0.63037,G
0.0995,0.71964,G
0.0805,0.66908,G
0.0899,0.66812,G
0.209,0.73047,G
0.131,0.72774,G
0.2011,0.82001,G
0.0801,0.72205,G
0.0608,0.65415,G
0.0608,0.58263,G
0.0897,0.79771,G
0.1504,0.74362,G
0.0703,0.65468,G
0.0585,0.65032,G
0.0702,0.73076,G
0.121,0.66479,G
0.0489,0.63554,G
0.0507,0.63371,G
0.1503,0.77412,G
0.08,0.89346,G
0.1195,0.63731,G
0.2382,0.82983,G
0.0994,0.69861,G
0.209,0.911,G
0.08,0.78302,G
0.121,0.70193,G
0.0781,0.74344,G
0.0703,0.74041,G
0.1115,0.72394,G
0.0485,0.63132,G
0.0895,0.71339,G
0.09,0.804,G
0.0608,0.63372,G
0.0995,0.74163,G
0.0602,0.53246,G
0.0997,0.71879,G
0.1095,0.76534,G
0.051,0.55762,G
0.1505,0.86102,G
0.1796,0.55871,G
0.0995,0.76217,G
0.0702,0.56581,G
0.1915,0.77934,G
0.1895,0.89065,G
0.1502,0.62896,G
0.17,0.82086,G
0.1405,0.81193,G
0.131,0.6978,G
0.16,0.8537,G
0.1092,0.77195,G
0.1113,0.72528,G
0.0586,0.53231,G
0.129,0.52403,G
0.0487,0.57517,G
0.1405,0.71597,G
0.119,0.71122,G
0.0487,0.55959,G
0.17,0.86868,G
0.1309,0.82126,G
0.17,0.75069,G
0.1795,0.71365,G
0.0507,0.53025,G
0.2425,0.87469,G
0.1327,0.86581,G
0.1719,0.86533,G
0.0704,0.54723,G
0.211,0.82786,G
0.3009,0.93798,G
0.0625,0.56419,G
0.082,0.74524,G
0.3204,0.81895,G
0.2577,0.83928,G
0.1014,0.59078,G
0.2579,0.90655,G
0.2696,0.80194,G
0.1877,0.83087,G
0.1795,0.77374,G
0.25,1.01113,G
0.129,0.82907,G
0.1797,0.79986,G
0.168,0.85848,G
0.0978,0.76313,G
0.16,1.01308,G
0.0585,0.68389,G
0.129,0.75591,G
0.0588,0.68828,G
0.1289,0.91998,G
0.1522,0.86165,G
0.1015,0.6198,G
0.172,0.91295,G
0.0702,0.53955,G
0.2105,0.91789,G
0.2425,0.84251,G
0.3395,0.83244,G
0.1797,0.97267,G
0.0976,0.62532,G
0.1093,0.91967,G
0.1603,0.81525,G
0.1915,0.99668,G
0.082,0.55461,G
0.1409,0.88138,G
0.1602,0.84791,G
0.1213,0.80022,G
0.0587,0.56946,G
0.1018,0.63994,G
0.1092,0.5319,G
0.1095,0.74099,G
0.1797,0.77058,G
0.2421,0.79252,G
0.1875,0.98954,G
0.0977,0.5888,G
0.2189,0.89057,G
0.168,0.91177,G
0.2381,0.81392,G
0.2773,0.8364,G
0.711,1.14399,G
0.4372,1.1384,G
0.543,1.19739,G
0.59,0.99078,G
0.5585,1.11224,G
0.0505,0.54799,G
0.3515,0.898,G
0.5628,1.0013,G
0.5704,0.9121,G
0.5198,0.96585,G
0.5705,1.07755,G
0.5588,0.9764,G
0.5313,1.0529,G
0.4685,0.99239,G
0.461,1.01043,G
0.1715,0.84577,G
0.242,0.85405,G
0.1605,0.75754,G
0.2227,0.78647,G
0.168,0.81132,G
0.0897,0.74506,G
0.082,0.57061,G
0.293,0.85649,G
0.2695,0.79697,G
0.211,0.86849,G
0.051,0.54105,G
0.0588,0.6064,G
0.0975,0.78905,G
0.2303,0.88354,G
0.0625,0.53697,G
0.1329,0.81988,G
0.0899,0.76195,G
0.0505,0.5122,G
0.168,0.84681,G
0.1838,0.83943,G
0.172,0.82217,G
0.1796,0.90344,G
0.1487,0.86469,G
0.0705,0.63023,G
0.1329,0.86819,G
0.0976,0.75287,G
0.1603,0.7152,G
0.1408,0.85311,G
0.1211,0.87501,G
0.1601,0.69009,G
0.137,0.99836,G
0.1093,0.87336,G
0.1408,0.91929,G
0.25,1.02519,G
0.2305,1.06376,G
0.051,0.55561,G
0.07,0.53854,G
0.203,0.82773,G
0.082,0.74157,G
0.0666,0.72523,G
0.09,0.76872,G
0.0585,0.72227,G
0.121,0.87677,G
0.1327,0.82566,G
0.082,0.78227,G
0.082,0.66913,G
0.1603,0.91593,G
0.1365,0.83768,G
0.1289,0.83494,G
0.1679,0.89925,G
0.1329,0.78629,G
0.211,0.97476,G
0.121,0.82687,G
0.199,0.90763,G
0.1993,1.09455,G
0.172,0.87429,G
0.1406,1.03543,G
0.129,0.93889,G
0.172,0.95896,G
0.1601,0.90537,G
0.121,0.86559,G
0.457,1.14224,G
0.418,0.9764,G
0.5976,1.04487,G
0.59,1.03091,G
0.3085,0.83815,G
0.0467,0.55421,G
0.6013,0.93674,G
0.4103,1.07176,G
0.2577,0.9661,G
0.4061,1.01711,G
0.4885,1.08945,G
0.41,0.97693,G
0.418,0.96984,G
0.5899,1.0524,G
0.3982,1.03442,G
0.3126,1.0371,G
0.3515,0.9785,G
0.4023,0.93146,G
0.508,1.0108,G
0.5585,0.9028,G
0.539,0.85242,G
0.5233,0.97394,G
0.5587,1.07031,G
0.5623,1.18746,G
0.0467,0.57112,G
0.5821,1.06903,G
0.5585,1.06912,G
0.668,1.21895,G
0.5587,1.15912,G
0.582,1.05229,G
0.3908,1.09463,G
0.461,0.91142,G
0.4688,0.90926,G
0.4883,0.89418,G
0.512,1.01259,G
0.5315,1.19706,G
0.5315,1.07243,G
0.4415,1.11197,G
0.5585,1.07286,G
0.4296,1.0499,G
0.371,1.27368,G
0.4493,1.15184,G
0.578,0.97886,G
0.5585,0.95295,G
0.457,0.97498,G
0.4881,1.03241,G
0.6091,1.27808,G
0.1603,0.60387,G
0.3908,1.16705,G
0.5313,1.14574,G
0.3675,1.04945,G
0.5195,1.28162,G
0.3909,1.192,G
0.34,1.10062,G
0.3985,0.99589,G
0.2967,0.94466,G
0.3787,1.01135,G
0.4374,1.04466,G
0.6601,1.0271,G
0.5,0.88581,G
0.3201,0.88045,G
0.5271,1.00284,G
0.617,1.22504,G
0.1603,0.91367,G
0.3517,0.97582,G
0.0899,0.69703,G
0.2185,0.90733,G
0.0425,0.52785,G
0.1095,0.80884,G
0.129,0.90509,G
0.1405,0.82235,G
0.1367,0.54241,G
0.1524,0.95127,G
0.0898,0.78466,G
0.0897,0.70903,G
0.0899,0.7505,G
0.0976,0.75865,G
0.1017,0.76377,G
0.078,0.75644,G
0.0705,0.71149,G
0.0467,0.64075,G
0.1408,0.7429,G
0.1287,0.82857,G
0.0781,0.69633,G
0.0705,0.62945,G
0.1875,0.68617,G
0.047,0.62934,G
0.18,0.78432,G
0.121,0.84602,G
0.1365,0.93325,G
0.1877,0.97216,G
0.1018,0.79853,G
0.1094,0.79778,G
0.168,0.82164,G
0.1405,0.79459,G
0.1482,0.85525,G
0.0899,0.82925,G
0.0785,0.73776,G
0.168,0.81724,G
0.117,0.78884,G
0.0704,0.77733,G
0.1015,0.7126,G
0.1407,0.83265,G
0.1405,0.75408,G
0.1605,0.81277,G
0.121,0.74584,G
0.129,0.76444,G
0.1991,0.80149,G
0.1015,0.85672,G
0.129,0.99166,G
0.082,0.75841,G
0.211,0.80723,G
0.133,0.97031,G
0.0897,0.5558,G
0.1407,0.944,G
0.0508,0.52513,G
0.121,0.85585,G
0.082,0.66168,G
0.1603,0.88319,G
0.1016,0.94101,G
0.1215,0.67138,G
0.2305,0.86569,G
0.2305,0.80482,G
0.1717,0.76654,G
0.0781,0.81402,G
0.1018,0.66274,G
0.16,0.79099,G
0.1092,0.9007,G
0.16,1.00096,G
0.1016,0.76903,G
0.1327,0.87295,G
0.0586,0.68549,G
0.051,0.55866,G
0.1093,0.9268,G
0.1325,0.88694,G
0.1405,0.88404,G
0.137,0.77999,G
0.1486,0.86516,G
0.1015,0.85869,G
0.1405,1.00421,G
0.1715,0.75954,G
0.1092,0.72953,G
0.121,0.9217,G
0.1603,1.04792,G
0.1601,0.93111,G
0.1872,0.72465,G
0.078,0.77758,G
0.1407,0.80998,G
0.1095,0.81114,G
0.0585,0.72301,G
0.1366,0.75822,G
0.1095,0.86671,G
0.1175,0.85104,G
0.1602,0.92952,G
0.211,0.77948,G
0.0781,0.79811,G
0.1013,0.80349,G
0.121,0.75616,G
0.219,0.80153,G
0.199,0.84925,G
0.0895,0.76626,G
0.129,0.81798,G
0.1094,0.95809,G
0.0467,0.5901,G
0.1485,0.89598,G
0.1408,0.83235,G
0.0899,0.72977,G
0.1092,0.80781,G
0.152,0.70554,G
0.0899,0.66259,G
0.0899,0.79223,G
0.1795,0.65767,G
0.078,0.78823,G
0.1408,0.87914,G
0.1096,0.78558,G
0.1095,0.72634,G
0.2225,0.84781,G
0.113,0.81599,G
0.211,0.81299,G
0.1995,0.91075,G
0.1915,0.86652,G
0.129,0.80421,G
0.1521,1.03756,G
0.1015,0.78832,G
